wl(um),n
0.0309963,0.916937066749
0.0310678,0.91649802418
0.0311394,0.916056884588
0.0312112,0.915613646488
0.0312831,0.915168293006
0.0313552,0.914720816693
0.0314275,0.914271202971
0.0315,0.913819444271
0.0315726,0.91336552963
0.0316453,0.912909444215
0.0317183,0.912451184144
0.0317914,0.911990727953
0.0318647,0.911528071152
0.0319382,0.91106320169
0.0320118,0.910596105783
0.0320856,0.910126776415
0.0321595,0.909655198822
0.0322337,0.909180870444
0.032308,0.908705089696
0.0323825,0.90822676845
0.0324571,0.907746164277
0.0325319,0.907262751363
0.0326069,0.906777390165
0.0326821,0.906289766486
0.0327574,0.90580001677
0.0328329,0.905307701477
0.0329086,0.904813061216
0.0329845,0.904315703241
0.0330605,0.903816491723
0.0331367,0.903314371707
0.0332131,0.902810473048
0.0332897,0.902303594861
0.0333664,0.901794385112
0.0334434,0.901282757645
0.0335205,0.900768694147
0.0335977,0.90025236015
0.0336752,0.899732793806
0.0337528,0.899211658558
0.0338306,0.898687340178
0.0339086,0.898160422571
0.0339868,0.897639985041
0.0340651,0.897112055167
0.0341436,0.896577178098
0.0342224,0.89603002443
0.0343012,0.895502502098
0.0343803,0.894961937537
0.0344596,0.89441563031
0.034539,0.893868488842
0.0346186,0.893319232256
0.0346984,0.892767213094
0.0347784,0.89220432414
0.0348586,0.891659366613
0.034939,0.891094891104
0.0350195,0.890532347695
0.0351002,0.889960765583
0.0351811,0.889392641473
0.0352622,0.888833799225
0.0353435,0.888255428037
0.035425,0.88766883438
0.0355067,0.887083556856
0.0355885,0.886510254023
0.0356706,0.885925117841
0.0357528,0.885329532997
0.0358352,0.884749301886
0.0359178,0.884159932694
0.0360006,0.883549057941
0.0360836,0.882951524047
0.0361668,0.882351068085
0.0362502,0.881731286563
0.0363337,0.881128193122
0.0364175,0.88051755781
0.0365014,0.879905877015
0.0365856,0.879283591186
0.0366699,0.878669857111
0.0367544,0.878053724196
0.0368392,0.877416442128
0.0369241,0.876785384673
0.0370092,0.876151335229
0.0370945,0.875523631592
0.03718,0.874878120658
0.0372658,0.874234136527
0.0373517,0.873583113509
0.0374378,0.872947667788
0.0375241,0.872289479402
0.0376106,0.87163423065
0.0376973,0.870975008926
0.0377842,0.870317623073
0.0378713,0.869656518713
0.0379586,0.868980593902
0.0380461,0.86831644246
0.0381338,0.86763673661
0.0382217,0.866956865517
0.0383098,0.866277598672
0.0383981,0.865591691105
0.0384866,0.864901969587
0.0385754,0.864206434446
0.0386643,0.863528008991
0.0387534,0.862820199066
0.0388427,0.862118090763
0.0389323,0.861412515983
0.039022,0.860694292403
0.039112,0.859990638524
0.0392021,0.859267593175
0.0392925,0.858553940332
0.0393831,0.857824879769
0.0394739,0.857104164904
0.0395649,0.856373770007
0.0396561,0.855641540881
0.0397475,0.854903618773
0.0398391,0.854155054285
0.039931,0.853414395496
0.040023,0.852669839467
0.0401153,0.851922063064
0.0402078,0.851163227372
0.0403004,0.850401076232
0.0403934,0.849631602117
0.0404865,0.84887459617
0.0405798,0.848102927753
0.0406733,0.847326523678
0.0407671,0.846540342209
0.0408611,0.845758393002
0.0409553,0.844971489919
0.0410497,0.844188625303
0.0411443,0.843388962316
0.0412392,0.842590645241
0.0413342,0.841791691673
0.0414295,0.840982407964
0.041525,0.840175581706
0.0416207,0.839353668058
0.0417167,0.838533862807
0.0418129,0.837710454827
0.0419092,0.836888981177
0.0420059,0.836056880606
0.0421027,0.835217207553
0.0421998,0.834377852138
0.042297,0.833536621205
0.0423945,0.832678716468
0.0424923,0.831830524772
0.0425902,0.830974587408
0.0426884,0.830110151398
0.0427868,0.829245371721
0.0428854,0.828367063366
0.0429843,0.827495290761
0.0430834,0.826622634098
0.0431827,0.825740402718
0.0432823,0.824850029973
0.043382,0.823959817381
0.043482,0.823059449568
0.0435823,0.822157534962
0.0436827,0.821248741869
0.0437834,0.820342369929
0.0438844,0.819425676824
0.0439855,0.818497563094
0.0440869,0.81757731403
0.0441886,0.816638797491
0.0442904,0.815708117263
0.0443925,0.814766960216
0.0444949,0.81382326078
0.0445974,0.812873594205
0.0447002,0.811916554099
0.0448033,0.810961070786
0.0449066,0.80999497845
0.0450101,0.809023528767
0.0451138,0.808056685056
0.0452178,0.807063680301
0.0453221,0.806086409079
0.0454266,0.805101294813
0.0455313,0.804101882689
0.0456362,0.803101366002
0.0457414,0.802097747993
0.0458469,0.801078394224
0.0459526,0.800061761963
0.0460585,0.799042456939
0.0461647,0.798013383913
0.0462711,0.79698310229
0.0463778,0.795948774886
0.0464847,0.794900796734
0.0465918,0.793852662801
0.0466992,0.792799985906
0.0468069,0.79173284258
0.0469148,0.79067024943
0.047023,0.78959979808
0.0471313,0.788524150791
0.04724,0.787435893575
0.0473489,0.786344699708
0.047458,0.785253320645
0.0475675,0.784147402147
0.0476771,0.783043215548
0.047787,0.781932292654
0.0478972,0.780807904949
0.0480076,0.779683675868
0.0481183,0.778548724411
0.0482292,0.777412350229
0.0483404,0.776266774632
0.0484518,0.775119107187
0.0485635,0.773961960045
0.0486754,0.77279382932
0.0487876,0.771625570493
0.0489001,0.77045553617
0.0490128,0.769265473773
0.0491258,0.768081115805
0.0492391,0.766878039056
0.0493526,0.765683324441
0.0494664,0.764469466496
0.0495804,0.763253798075
0.0496947,0.762028415477
0.0498092,0.760799802568
0.0499241,0.759559911488
0.0500391,0.758316035888
0.0501545,0.757070876491
0.0502701,0.755806582604
0.050386,0.75454152501
0.0505022,0.753267359055
0.0506186,0.751984859143
0.0507353,0.750704230583
0.0508522,0.749406950584
0.0509694,0.748106177288
0.0510869,0.746790536072
0.0512047,0.745466618548
0.0513227,0.744144472119
0.0514411,0.742807479854
0.0515596,0.741469974696
0.0516785,0.740118950675
0.0517976,0.738763899128
0.051917,0.737398552655
0.0520367,0.736018150715
0.0521567,0.734640418849
0.0522769,0.73324822014
0.0523974,0.731848288133
0.0525182,0.730436049539
0.0526393,0.729018189495
0.0527606,0.727599490681
0.0528822,0.726161144086
0.0530042,0.724720126458
0.0531263,0.723259803751
0.0532488,0.721796382773
0.0533716,0.720332034927
0.0534946,0.718848177202
0.0536179,0.717358878719
0.0537415,0.715861473182
0.0538654,0.714351009558
0.0539896,0.712832599352
0.054114,0.711301962972
0.0542388,0.709763858754
0.0543638,0.708214885094
0.0544891,0.706653728302
0.0546147,0.705088038968
0.0547406,0.70350622297
0.0548668,0.701919055247
0.0549933,0.700314015552
0.0551201,0.698699623656
0.0552471,0.697079194279
0.0553745,0.695444058995
0.0555022,0.693795957451
0.0556301,0.692143219399
0.0557583,0.69047360156
0.0558869,0.688788984268
0.0560157,0.687100341288
0.0561448,0.685396086938
0.0562743,0.683679108896
0.056404,0.681942304485
0.056534,0.680205943813
0.0566643,0.678453034739
0.056795,0.676679214115
0.0569259,0.674898749583
0.0570571,0.673102041466
0.0571887,0.671295905051
0.0573205,0.6694727123
0.0574526,0.667635933356
0.0575851,0.665785521192
0.0577178,0.663919837645
0.0578509,0.662039284943
0.0579842,0.660144710517
0.0581179,0.658230471661
0.0582519,0.656302938051
0.0583862,0.654361806473
0.0585207,0.652403473712
0.0586557,0.65043118481
0.0587909,0.648437473536
0.0589264,0.6464342084
0.0590622,0.644406278013
0.0591984,0.642361558228
0.0593349,0.640299838123
0.0594716,0.638216549481
0.0596087,0.636121450679
0.0597461,0.634004705004
0.0598839,0.631862235102
0.0600219,0.629704115696
0.0601603,0.627527592734
0.060299,0.625322489128
0.060438,0.623101401271
0.0605773,0.620857235675
0.0607169,0.618585004678
0.0608569,0.616289170631
0.0609972,0.613971754293
0.0611378,0.611629289181
0.0612787,0.609255174711
0.06142,0.606859846815
0.0615616,0.604431573671
0.0617035,0.601974944347
0.0618458,0.599487214966
0.0619883,0.596963912876
0.0621312,0.594413215758
0.0622744,0.591825209723
0.062418,0.589197563371
0.0625619,0.586540032603
0.0627061,0.583841371526
0.0628507,0.581099946861
0.0629956,0.57832207772
0.0631408,0.575503806145
0.0632863,0.572639613992
0.0634322,0.569734053771
0.0635784,0.566785557031
0.063725,0.563796831662
0.0638719,0.560765881812
0.0640191,0.557696875831
0.0641667,0.554587636817
0.0643146,0.551441392933
0.0644629,0.548264611615
0.0646115,0.54505904773
0.0647605,0.541829683398
0.0649097,0.53857934332
0.0650594,0.535319971051
0.0652094,0.532049260683
0.0653597,0.528777176219
0.0655103,0.525523795284
0.0656614,0.522276978642
0.0658127,0.519062261116
0.0659644,0.515878727514
0.0661165,0.512729039014
0.0662689,0.509633077857
0.0664217,0.506590496738
0.0665748,0.503612210509
0.0667283,0.500696857721
0.0668821,0.497853786023
0.0670363,0.495087540115
0.0671908,0.492398001927
0.0673457,0.489788026443
0.0675009,0.48724661699
0.0676566,0.484785005326
0.0678125,0.48239330085
0.0679688,0.480065521135
0.0681255,0.477797555123
0.0682826,0.475586043197
0.06844,0.473423022169
0.0685978,0.471292956111
0.0687559,0.469196528334
0.0689144,0.467113243815
0.0690732,0.465050874879
0.0692325,0.462985345669
0.0693921,0.460919794029
0.069552,0.458841513991
0.0697124,0.456745278023
0.0698731,0.454617954765
0.0700342,0.452458513662
0.0701956,0.450265520084
0.0703574,0.448028301412
0.0705196,0.445740511226
0.0706822,0.443405500544
0.0708451,0.441022896934
0.0710084,0.438582060954
0.0711721,0.436088390687
0.0713362,0.433537464698
0.0715006,0.430933736817
0.0716655,0.428272453215
0.0718307,0.425557270157
0.0719963,0.422792239728
0.0721622,0.419972447049
0.0723286,0.417103618838
0.0724953,0.414189276698
0.0726624,0.411229500252
0.0728299,0.408222567517
0.0729978,0.405176938685
0.0731661,0.402093800624
0.0733348,0.398970730077
0.0735038,0.395813316004
0.0736733,0.392627552842
0.0738431,0.389416464129
0.0740133,0.386174206438
0.0741839,0.382908934912
0.0743549,0.379622480955
0.0745264,0.376318598965
0.0746982,0.372998662624
0.0748704,0.369664373338
0.0750429,0.366321480404
0.0752159,0.362971604136
0.0753893,0.359611249475
0.0755631,0.356252512834
0.0757373,0.352893931632
0.0759119,0.349536161107
0.0760869,0.346185765846
0.0762623,0.342842920914
0.0764381,0.339512696422
0.0766143,0.336194991847
0.0767909,0.332894111315
0.0769679,0.329615341616
0.0771454,0.326359179544
0.0773232,0.323129189576
0.0775015,0.319925967788
0.0776801,0.316755309571
0.0778592,0.313619487331
0.0780387,0.310519567698
0.0782186,0.307462926549
0.0783989,0.304447151108
0.0785796,0.301477377843
0.0787608,0.298555927536
0.0789423,0.295687592962
0.0791243,0.292869740833
0.0793067,0.290107697003
0.0794895,0.287401204316
0.0796728,0.284755005436
0.0798564,0.282167690338
0.0800405,0.279642676085
0.080225,0.277180350176
0.08041,0.274777914328
0.0805953,0.272438141503
0.0807811,0.270161828922
0.0809673,0.267946228024
0.081154,0.265790413866
0.0813411,0.263693782096
0.0815286,0.261652619082
0.0817165,0.259664613135
0.0819049,0.257728121104
0.0820937,0.255840492375
0.082283,0.253997105601
0.0824726,0.252195834318
0.0826628,0.250433421833
0.0828533,0.248707973357
0.0830443,0.247014862657
0.0832357,0.245351930711
0.0834276,0.243719845505
0.0836199,0.242113025013
0.0838127,0.240534586271
0.0840059,0.238981591494
0.0841996,0.23745414411
0.0843937,0.235951839508
0.0845882,0.234476849117
0.0847832,0.2330271608
0.0849787,0.231604177754
0.0851746,0.230208467144
0.0853709,0.228836419421
0.0855677,0.227489678166
0.085765,0.22616520899
0.0859627,0.224860970209
0.0861608,0.223573480768
0.0863595,0.222300704245
0.0865585,0.221038875208
0.0867581,0.219784179272
0.0869581,0.218534118589
0.0871585,0.21728449381
0.0873594,0.21603456934
0.0875608,0.214782200986
0.0877627,0.213526500125
0.087965,0.212267165161
0.0881678,0.211005189389
0.088371,0.209742429445
0.0885747,0.208480622043
0.0887789,0.20722336751
0.0889836,0.205975797906
0.0891887,0.204739039922
0.0893943,0.203519353196
0.0896004,0.202321253879
0.0898069,0.201149527687
0.090014,0.200009243175
0.0902215,0.198905959505
0.0904294,0.197843290582
0.0906379,0.196828232103
0.0908469,0.195864072757
0.0910563,0.194956303328
0.0912662,0.194108133859
0.0914766,0.193322949912
0.0916874,0.192605565648
0.0918988,0.191957338059
0.0921107,0.191381097584
0.092323,0.190878102782
0.0925358,0.190449565347
0.0927491,0.190095748461
0.0929629,0.189817146737
0.0931772,0.1896129587
0.093392,0.189482012422
0.0936073,0.189422859781
0.0938231,0.189434266478
0.0940394,0.189513727178
0.0942562,0.189658733146
0.0944735,0.189867365604
0.0946913,0.19013643962
0.0949095,0.190463557609
0.0951283,0.19084516534
0.0953476,0.19127916015
0.0955674,0.1917619488
0.0957877,0.192291088189
0.0960085,0.192863639117
0.0962299,0.193476697868
0.0964517,0.194127999584
0.096674,0.194814501953
0.0968969,0.195534027561
0.0971203,0.196284525022
0.0973442,0.197063682739
0.0975686,0.197869380373
0.0977935,0.198700098305
0.0980189,0.199553771898
0.0982449,0.200429095561
0.0984713,0.201324608359
0.0986983,0.202238899725
0.0989259,0.20317120189
0.0991539,0.204120052394
0.0993825,0.205084854643
0.0996116,0.206064855739
0.0998412,0.207059210602
0.100071,0.208067596221
0.100302,0.209089740892
0.100533,0.210124922033
0.100765,0.211173038606
0.100997,0.212233944655
0.10123,0.213307895206
0.101464,0.214394322867
0.101697,0.215493758351
0.101932,0.216605977882
0.102167,0.217731565084
0.102402,0.218870448565
0.102638,0.220023064914
0.102875,0.221189589282
0.103112,0.222370701395
0.10335,0.22356659187
0.103588,0.22477743009
0.103827,0.226004202883
0.104066,0.2272471718
0.104306,0.228506651284
0.104547,0.229783020506
0.104788,0.231077304511
0.105029,0.232389593726
0.105271,0.233720523262
0.105514,0.235070651938
0.105757,0.236440656023
0.106001,0.237830991699
0.106245,0.239242321092
0.10649,0.240675116018
0.106736,0.242130259275
0.106982,0.243608350434
0.107228,0.245109904003
0.107476,0.246636226511
0.107723,0.248187912978
0.107972,0.249765978217
0.108221,0.251371275046
0.10847,0.253005070769
0.10872,0.254668770066
0.108971,0.25636342387
0.109222,0.258090784846
0.109474,0.259852606984
0.109726,0.261650581253
0.109979,0.263486581352
0.110233,0.265363075078
0.110487,0.26728236513
0.110741,0.26924692695
0.110997,0.27125984185
0.111253,0.273323937068
0.111509,0.275442537375
0.111766,0.277619277407
0.112024,0.279857670334
0.112282,0.282161745956
0.112541,0.284535490766
0.1128,0.286982985337
0.11306,0.289508897911
0.113321,0.292117077891
0.113582,0.294811997545
0.113844,0.29759770511
0.114106,0.300478304756
0.114369,0.303456898662
0.114633,0.306536730632
0.114897,0.309720047491
0.115162,0.313008265947
0.115428,0.316401869215
0.115694,0.319899867141
0.11596,0.323500117514
0.116228,0.327199012241
0.116496,0.330990758088
0.116764,0.334867978254
0.117033,0.338821305932
0.117303,0.342839305362
0.117574,0.346908058071
0.117845,0.351012306972
0.118116,0.355134012741
0.118389,0.359253783898
0.118662,0.363350414249
0.118935,0.367401182821
0.119209,0.371382741206
0.119484,0.37527095134
0.119759,0.379041612379
0.120036,0.382671625813
0.120312,0.386139096628
0.12059,0.389424852928
0.120868,0.392513607485
0.121146,0.395394773091
0.121425,0.398063676718
0.121705,0.40052186181
0.121986,0.402777334849
0.122267,0.404843973318
0.122549,0.40673999329
0.122832,0.408486058205
0.123115,0.41010305257
0.123398,0.411610532075
0.123683,0.413024392537
0.123968,0.414357650167
0.124254,0.415619282246
0.12454,0.416815839203
0.124827,0.417952603768
0.125115,0.419034756078
0.125404,0.420068726979
0.125693,0.421062163047
0.125982,0.422024835259
0.126273,0.42296803581
0.126564,0.423903881923
0.126856,0.424844847457
0.127148,0.425803172983
0.127441,0.426790460887
0.127735,0.427816698486
0.128029,0.428890904981
0.128325,0.430019881194
0.12862,0.43120947234
0.128917,0.432463376711
0.129214,0.433784013891
0.129512,0.435172705136
0.129811,0.43662907462
0.13011,0.438152271932
0.13041,0.4397406503
0.13071,0.441391460715
0.131012,0.443102057648
0.131314,0.444869130708
0.131616,0.446689386901
0.13192,0.448559407276
0.132224,0.45047568203
0.132529,0.452435180163
0.132834,0.454434814149
0.13314,0.456471626086
0.133447,0.458543099861
0.133755,0.460646785546
0.134063,0.462780776462
0.134372,0.464943199099
0.134682,0.467132607539
0.134993,0.469347693066
0.135304,0.471587341017
0.135616,0.47385048178
0.135928,0.476136454968
0.136242,0.47844448372
0.136556,0.480773644579
0.136871,0.483123061818
0.137186,0.485491915721
0.137502,0.487878817542
0.137819,0.490282246927
0.138137,0.492700321813
0.138455,0.49513069925
0.138775,0.497570667404
0.139094,0.500016881898
0.139415,0.502465504089
0.139737,0.504912088305
0.140059,0.507351864094
0.140382,0.509779582305
0.140705,0.512189506623
0.141029,0.514576126086
0.141355,0.516933442171
0.14168,0.519255855012
0.142007,0.521538385151
0.142334,0.523776289165
0.142663,0.525965960527
0.142991,0.528104719557
0.143321,0.530191223925
0.143651,0.532225581915
0.143983,0.534209546814
0.144314,0.536146316185
0.144647,0.538040821012
0.144981,0.539899753664
0.145315,0.541731143258
0.14565,0.543544497794
0.145986,0.545350092127
0.146322,0.547159352977
0.146659,0.548984100408
0.146997,0.550836435683
0.147336,0.552728221704
0.147676,0.554671003537
0.148016,0.556675489296
0.148358,0.558751458235
0.1487,0.560907419575
0.149042,0.563150675246
0.149386,0.565486387273
0.14973,0.567915706016
0.150076,0.570439552531
0.150421,0.573058194959
0.150768,0.575770069517
0.151116,0.578572068404
0.151464,0.581459422297
0.151813,0.584426020224
0.152163,0.587464211666
0.152514,0.590565205033
0.152866,0.593718797037
0.153218,0.596913939874
0.153571,0.600138398731
0.153925,0.603379174749
0.15428,0.606622517642
0.154636,0.609854243234
0.154992,0.613059572212
0.15535,0.616223641605
0.155708,0.619331499323
0.156067,0.622368510357
0.156426,0.62532046995
0.156787,0.628173879724
0.157148,0.630916254238
0.157511,0.633536560963
0.157874,0.636025031259
0.158238,0.638374057808
0.158602,0.640577830366
0.158968,0.642632888489
0.159335,0.644538165335
0.159702,0.646295004487
0.16007,0.647907333364
0.160439,0.649381348066
0.160809,0.650725851628
0.16118,0.651951609608
0.161551,0.653071383975
0.161923,0.654099469753
0.162297,0.655051652788
0.162671,0.655944380649
0.163046,0.656794731779
0.163422,0.657619923268
0.163798,0.658436859581
0.164176,0.659261743042
0.164555,0.660110073941
0.164934,0.660995787881
0.165314,0.661931562416
0.165695,0.662928466492
0.166077,0.663995764092
0.16646,0.665140939406
0.166844,0.666369902918
0.167228,0.66768678692
0.167614,0.669094236306
0.168,0.670593742058
0.168388,0.672185377413
0.168776,0.673868574268
0.169165,0.675642054084
0.169555,0.677504225399
0.169946,0.679453186228
0.170337,0.681487219643
0.17073,0.683604763498
0.171124,0.685804591001
0.171518,0.688085820913
0.171913,0.690447970019
0.17231,0.692890936156
0.172707,0.695414850783
0.173105,0.698019882765
0.173504,0.70070611788
0.173904,0.703473479344
0.174305,0.706321385879
0.174707,0.709248597624
0.17511,0.712253339414
0.175513,0.715332810951
0.175918,0.718483534916
0.176323,0.721701280533
0.17673,0.724980898701
0.177137,0.728316666451
0.177546,0.731702287417
0.177955,0.735130987951
0.178365,0.738595600658
0.178776,0.742088600113
0.179188,0.745602213892
0.179601,0.749128823609
0.180015,0.752662619489
0.18043,0.756203884246
0.180846,0.759767629263
0.181263,0.763395885701
0.181681,0.76716806248
0.1821,0.771197421225
0.18252,0.775604020688
0.182941,0.780467546506
0.183362,0.785783250746
0.183785,0.791451850892
0.184209,0.797314221899
0.184633,0.803211794591
0.185059,0.809036803908
0.185485,0.814748177961
0.185913,0.820355773721
0.186342,0.825892396439
0.186771,0.831391530849
0.187202,0.83687743677
0.187633,0.84236430899
0.188066,0.847859497953
0.188499,0.853366643679
0.188934,0.858887616479
0.189369,0.864423580476
0.189806,0.869975375847
0.190244,0.875543785837
0.190682,0.881129466661
0.191122,0.886733154124
0.191562,0.892355543947
0.192004,0.897997316201
0.192446,0.90365921462
0.19289,0.90934190008
0.193335,0.915046107745
0.19378,0.92077257071
0.194227,0.926522051788
0.194675,0.932295249895
0.195124,0.938092857566
0.195573,0.94391566429
0.196024,0.949764391039
0.196476,0.955639757802
0.196929,0.961542444814
0.197383,0.967473210159
0.197838,0.973432704674
0.198294,0.979421635057
0.198751,0.985440672505
0.199209,0.991490488261
0.199669,0.997571741986
0.200129,1.00368502733
0.20059,1.0098310071
0.201053,1.01601029699
0.201516,1.02222348868
0.201981,1.02847115336
0.202446,1.03475390224
0.202913,1.04107227417
0.203381,1.0474268318
0.20385,1.0538181371
0.20432,1.06024672006
0.204791,1.06671311584
0.205263,1.07321779683
0.205736,1.07976136842
0.20621,1.08634428278
0.206685,1.09296707002
0.207162,1.0996301903
0.207639,1.1063341875
0.208118,1.11307955305
0.208598,1.11986673698
0.209079,1.12669623843
0.209561,1.13356848576
0.210044,1.1404839171
0.210528,1.14744299471
0.211013,1.15444608599
0.2115,1.16149352432
0.211987,1.16858577564
0.212476,1.17572317361
0.212966,1.18290616902
0.213457,1.19013527957
0.213949,1.19741128229
0.214442,1.20473528265
0.214936,1.21210903101
0.215432,1.21953511096
0.215928,1.22701758797
0.216426,1.2345625501
0.216925,1.24217880654
0.217425,1.24987912137
0.217926,1.25768130198
0.218429,1.26560968948
0.218932,1.27369674122
0.219437,1.28198451224
0.219943,1.29052623665
0.22045,1.29938734106
0.220958,1.30864587954
0.221467,1.31839208487
0.221978,1.3287267419
0.22249,1.33975798765
0.223003,1.35159638646
0.223517,1.36434873474
0.224032,1.37811005791
0.224548,1.39295456238
0.225066,1.40892642145
0.225585,1.42603023717
0.226105,1.44422324677
0.226626,1.46340890678
0.227149,1.48343365004
0.227672,1.50408663589
0.228197,1.52510337026
0.228723,1.54617299385
0.22925,1.56694905319
0.229779,1.58706329912
0.230308,1.60614186324
0.230839,1.62382258464
0.231372,1.63977265738
0.231905,1.65370542802
0.232439,1.66539523802
0.232975,1.67468924157
0.233512,1.68151552396
0.234051,1.68588643118
0.23459,1.68789751825
0.235131,1.68772132905
0.235673,1.68559697616
0.236216,1.68181583244
0.236761,1.67670494624
0.237307,1.6706088425
0.237854,1.66387168963
0.238402,1.65682096946
0.238952,1.64975388886
0.239502,1.64292702059
0.240055,1.63655031495
0.240608,1.6307843493
0.241163,1.62574149805
0.241718,1.62148949506
0.242276,1.61805708421
0.242834,1.61544082776
0.243394,1.61361203563
0.243955,1.61252382926
0.244517,1.61211716918
0.245081,1.61232612811
0.245646,1.61308219443
0.246212,1.61431730258
0.24678,1.6159662475
0.247349,1.61796785839
0.247919,1.62026593532
0.248491,1.6228094681
0.249063,1.62555253072
0.249638,1.62845406805
0.250213,1.63147759707
0.25079,1.63459089393
0.251368,1.63776571576
0.251947,1.64097784847
0.252528,1.6442071307
0.25311,1.64743787205
0.253694,1.65065950827
0.254279,1.65386740836
0.254865,1.6570640635
0.255452,1.66026064578
0.256041,1.66347863355
0.256631,1.66675184296
0.257223,1.67012869211
0.257816,1.67367456964
0.25841,1.67747424453
0.259006,1.68163436227
0.259603,1.68628561579
0.260202,1.69158453761
0.260801,1.6977145789
0.261403,1.70488644055
0.262005,1.71333720855
0.262609,1.7233281163
0.263215,1.73514112083
0.263821,1.74907402968
0.264429,1.76543433292
0.265039,1.78453198137
0.26565,1.80667130729
0.266262,1.83214247785
0.266876,1.86121264302
0.267491,1.89411726744
0.268108,1.93105190244
0.268726,1.97216463857
0.269346,2.01754957937
0.269967,2.06724132738
0.270589,2.12121077609
0.271213,2.17936211936
0.271838,2.24153095919
0.272464,2.30748361285
0.273093,2.37691731807
0.273722,2.44946126227
0.274353,2.52467855416
0.274986,2.60206913056
0.275619,2.68107516541
0.276255,2.76109056753
0.276892,2.84147918593
0.27753,2.92160785263
0.27817,3.00090244212
0.278811,3.07893472473
0.279454,3.15554249729
0.280098,3.23097188005
0.280744,3.30601128645
0.281391,3.38206317849
0.282039,3.46108827436
0.28269,3.5453703241
0.283341,3.63709909042
0.283994,3.73784386489
0.284649,3.84805588534
0.285305,3.96675746586
0.285963,4.09152864429
0.286622,4.21880958466
0.287283,4.34443967191
0.287945,4.46429267087
0.288609,4.57485553722
0.289274,4.67363189222
0.289941,4.7593106103
0.29061,4.83170534855
0.291279,4.89152305141
0.291951,4.94004791776
0.292624,4.97882643844
0.293299,5.0094161588
0.293975,5.03322628556
0.294652,5.05144700297
0.295332,5.06504456903
0.296012,5.07479330497
0.296695,5.08131987828
0.297379,5.08514473442
0.298064,5.08671354075
0.298751,5.0864183191
0.29944,5.08460991824
0.30013,5.08160505244
0.300822,5.07768993152
0.301516,5.07312238023
0.302211,5.06813314151
0.302907,5.06292702659
0.303606,5.05768394721
0.304306,5.05256005412
0.305007,5.04768893197
0.30571,5.04318285939
0.306415,5.03913415056
0.307121,5.03561659193
0.307829,5.03268687825
0.308539,5.03038616766
0.30925,5.02874161737
0.309963,5.02776786258
0.310678,5.02746867895
0.311394,5.02783821381
0.312112,5.02886266156
0.312831,5.03052142452
0.313552,5.03278842582
0.314275,5.03563336753
0.315,5.03902274095
0.315726,5.0429210585
0.316453,5.04729180503
0.317183,5.05209846481
0.317914,5.05730544044
0.318647,5.0628789112
0.319382,5.06878746058
0.320118,5.07500264556
0.320856,5.08149936806
0.321595,5.08825595558
0.322337,5.09525433205
0.32308,5.10247988588
0.323825,5.10992133832
0.324571,5.11757044642
0.325319,5.1254218936
0.326069,5.13347293079
0.326821,5.14172305741
0.327574,5.1501738404
0.328329,5.15882851478
0.329086,5.16769178527
0.329845,5.17676940909
0.330605,5.18606804661
0.331367,5.19559501096
0.332131,5.20535818826
0.332897,5.21536612334
0.333664,5.22562843324
0.334434,5.23615641734
0.335205,5.24696432258
0.335977,5.25807076388
0.336752,5.2695009067
0.337528,5.28128864858
0.338306,5.29347924685
0.339086,5.30613190419
0.339868,5.31932243698
0.340651,5.33314568232
0.341436,5.34771811928
0.342224,5.36318019291
0.343012,5.37969933286
0.343803,5.3974732957
0.344596,5.41673461004
0.34539,5.43775650229
0.346186,5.46086047004
0.346984,5.48642653735
0.347784,5.51490607605
0.348586,5.54683877214
0.34939,5.58287358326
0.350195,5.62379331837
0.351002,5.67053863588
0.351811,5.72422022221
0.352622,5.78609852049
0.353435,5.85750173048
0.35425,5.93965149264
0.355067,6.0333828594
0.355885,6.13878180241
0.356706,6.25481452142
0.357528,6.3790638299
0.358352,6.50769415883
0.359178,6.63572336764
0.360006,6.75759664082
0.360836,6.86796396065
0.361668,6.96249103273
0.362502,7.03850586441
0.363337,7.09531031543
0.364175,7.13406388436
0.365014,7.15726175307
0.365856,7.16795073313
0.366699,7.16891470463
0.367544,7.162070937
0.368392,7.14823773182
0.369241,7.12729179079
0.370092,7.09859680007
0.370945,7.06151507007
0.3718,7.01582665915
0.372658,6.96195221299
0.373517,6.90096043968
0.374378,6.8344080542
0.375241,6.76409211857
0.376106,6.69179571181
0.376973,6.61908715563
0.377842,6.54720282192
0.378713,6.47701422285
0.379586,6.40906064709
0.380461,6.34361881652
0.381338,6.28078341145
0.382217,6.2205394372
0.383098,6.1628165983
0.383981,6.10752398393
0.384866,6.05456828544
0.385754,6.0038603258
0.386643,5.95531514777
0.387534,5.90884931774
0.388427,5.86437800473
0.389323,5.82181285448
0.39022,5.78106124094
0.39112,5.74202660135
0.392021,5.70460954963
0.392925,5.66870947047
0.393831,5.63422630418
0.394739,5.6010621767
0.395649,5.56912272647
0.396561,5.53831831711
0.397475,5.5085647945
0.398391,5.47978398454
0.39931,5.45190390487
0.40023,5.42485879434
0.401153,5.39858889958
0.402078,5.37304024839
0.403004,5.34816428458
0.403934,5.32391736086
0.404865,5.30026040711
0.405798,5.27715836671
0.406733,5.25457989672
0.407671,5.23249689303
0.408611,5.21088409033
0.409553,5.18971885754
0.410497,5.16898070261
0.411443,5.14865114736
0.412392,5.12871346698
0.413342,5.10915241504
0.414295,5.08995412402
0.41525,5.07110588707
0.416207,5.05259604199
0.417167,5.03441383669
0.418129,5.01654937128
0.419092,4.99899339937
0.420059,4.98173737553
0.421027,4.96477330565
0.421998,4.94809368398
0.42297,4.93169148659
0.423945,4.91556008505
0.424923,4.89969317873
0.425902,4.88408485773
0.426884,4.86872946224
0.427868,4.85362158354
0.428854,4.83875605729
0.429843,4.82412796444
0.430834,4.80973252791
0.431827,4.79556516597
0.432823,4.78162145394
0.43382,4.76789710437
0.43482,4.75438798421
0.435823,4.74109000936
0.436827,4.72799928281
0.437834,4.71511196413
0.438844,4.70242431046
0.439855,4.68993266065
0.440869,4.67763344705
0.441886,4.66552314971
0.442904,4.65359832573
0.443925,4.64185559766
0.444949,4.63029165354
0.445974,4.61890323185
0.447002,4.60768710827
0.448033,4.59664014604
0.449066,4.58575923785
0.450101,4.57504129896
0.451138,4.56448333915
0.452178,4.55408238313
0.453221,4.54383548338
0.454266,4.53373979274
0.455313,4.52379243627
0.456362,4.51399061243
0.457414,4.50433158635
0.458469,4.49481260914
0.459526,4.48543101797
0.460585,4.47618416799
0.461647,4.46706945047
0.462711,4.45808430279
0.463778,4.44922618766
0.464847,4.44049264142
0.465918,4.43188119108
0.466992,4.42338944233
0.468069,4.4150150155
0.469148,4.40675556958
0.47023,4.39860883733
0.471313,4.39057252483
0.4724,4.38264443173
0.473489,4.3748223671
0.47458,4.36710419407
0.475675,4.35948779665
0.476771,4.35197110622
0.47787,4.34455211176
0.478972,4.33722881434
0.480076,4.32999923636
0.481183,4.32286147353
0.482292,4.31581366123
0.483404,4.30885392951
0.484518,4.30198046998
0.485635,4.29519154183
0.486754,4.28848540335
0.487876,4.28186032539
0.489001,4.27531469315
0.490128,4.26884685412
0.491258,4.26245522021
0.492391,4.25613823844
0.493526,4.24989440368
0.494664,4.24372221923
0.495804,4.23762023797
0.496947,4.23158705514
0.498092,4.22562126791
0.499241,4.21972154512
0.500391,4.21388655904
0.501545,4.20811503341
0.502701,4.20240571693
0.50386,4.1967573882
0.505022,4.19116886151
0.506186,4.18563897147
0.507353,4.18016659208
0.508522,4.17475062822
0.509694,4.16939001377
0.510869,4.16408368169
0.512047,4.15883065948
0.513227,4.15362992817
0.514411,4.14848054419
0.515596,4.14338156627
0.516785,4.1383320917
0.517976,4.13333122381
0.51917,4.12837813564
0.520367,4.12347195691
0.521567,4.1186118988
0.522769,4.11379716995
0.523974,4.10902700503
0.525182,4.10430064117
0.526393,4.09961736939
0.527606,4.09497649316
0.528822,4.09037732051
0.530042,4.08581917582
0.531263,4.0813014329
0.532488,4.07682345231
0.533716,4.07238462177
0.534946,4.06798436099
0.536179,4.06362207932
0.537415,4.05929721678
0.538654,4.05500923009
0.539896,4.05075760092
0.54114,4.04654178086
0.542388,4.04236129791
0.543638,4.03821565846
0.544891,4.03410437864
0.546147,4.03002699045
0.547406,4.02598305397
0.548668,4.02197213038
0.549933,4.01799378738
0.551201,4.01404760091
0.552471,4.01013316861
0.553745,4.00625010116
0.555022,4.00239799296
0.556301,3.99857648625
0.557583,3.99478519948
0.558869,3.99102379047
0.560157,3.98729187495
0.561448,3.98358913386
0.562743,3.97991523172
0.56404,3.97626984041
0.56534,3.97265262443
0.566643,3.96906327783
0.56795,3.96550149449
0.569259,3.96196697203
0.570571,3.95845942357
0.571887,3.95497854598
0.573205,3.95152406572
0.574526,3.94809569917
0.575851,3.94469318692
0.577178,3.94131623796
0.578509,3.93796462629
0.579842,3.93463806312
0.581179,3.93133630897
0.582519,3.9280591144
0.583862,3.92480624099
0.585207,3.92157743688
0.586557,3.91837247024
0.587909,3.91519112128
0.589264,3.91203315781
0.590622,3.90889834845
0.591984,3.9057864816
0.593349,3.90269733769
0.594716,3.89963068615
0.596087,3.89658634376
0.597461,3.89356409715
0.598839,3.89056373716
0.600219,3.88758505697
0.601603,3.88462785381
0.60299,3.88169195913
0.60438,3.87877714822
0.605773,3.87588325811
0.607169,3.87301008627
0.608569,3.87015745047
0.609972,3.86732516367
0.611378,3.86451306521
0.612787,3.86172095338
0.6142,3.8589486657
0.615616,3.85619602308
0.617035,3.85346285557
0.618458,3.85074900756
0.619883,3.84805428983
0.621312,3.84537855783
0.622744,3.84272163963
0.62418,3.84008336415
0.625619,3.83746360047
0.627061,3.83486216395
0.628507,3.832278926
0.629956,3.82971370937
0.631408,3.82716637526
0.632863,3.82463677976
0.634322,3.82212476027
0.635784,3.81963017529
0.63725,3.81715289494
0.638719,3.81469275979
0.640191,3.81224963499
0.641667,3.80982338206
0.643146,3.80741387247
0.644629,3.80502094905
0.646115,3.80264450012
0.647605,3.80028438522
0.649097,3.79794047478
0.650594,3.79561261891
0.652094,3.79330071838
0.653597,3.79100463677
0.655103,3.78872425033
0.656614,3.78645943268
0.658127,3.78421006105
0.659644,3.78197601255
0.661165,3.77975718032
0.662689,3.77755343326
0.664217,3.77536466522
0.665748,3.77319075083
0.667283,3.77103159118
0.668821,3.76888705885
0.670363,3.76675705796
0.671908,3.76464146292
0.673457,3.7625401832
0.675009,3.76045310006
0.676566,3.7583801163
0.678125,3.75632112356
0.679688,3.75427602181
0.681255,3.75224470474
0.682826,3.75022708529
0.6844,3.74822304498
0.685978,3.74623250882
0.687559,3.74425536142
0.689144,3.74229152403
0.690732,3.74034088732
0.692325,3.7384033668
0.693921,3.73647888653
0.69552,3.73456733101
0.697124,3.73266863087
0.698731,3.73078268858
0.700342,3.7289094191
0.701956,3.72704874121
0.703574,3.72520057137
0.705196,3.72336481893
0.706822,3.721541417
0.708451,3.7197302647
0.710084,3.71793130218
0.711721,3.71614443795
0.713362,3.71436960233
0.715006,3.71260671205
0.716655,3.71085569498
0.718307,3.70911647351
0.719963,3.70738897709
0.721622,3.70567312915
0.723286,3.70396886074
0.724953,3.7022761005
0.726624,3.70059476829
0.728299,3.69892479391
0.729978,3.69726612447
0.731661,3.69561866347
0.733348,3.69398235589
0.735038,3.69235714105
0.736733,3.69074293581
0.738431,3.68913967374
0.740133,3.68754727968
0.741839,3.6859656897
0.743549,3.68439484071
0.745264,3.68283464713
0.746982,3.68128505039
0.748704,3.67974597751
0.750429,3.67821734636
0.752159,3.67669909055
0.753893,3.67519113842
0.755631,3.67369340127
0.757373,3.67220582111
0.759119,3.67072830957
0.760869,3.66926078616
0.762623,3.66780316868
0.764381,3.66635537499
0.766143,3.66491731714
0.767909,3.66348891373
0.769679,3.662070066
0.771454,3.66066069045
0.773232,3.65926068672
0.775015,3.65786995869
0.776801,3.65648840872
0.778592,3.65511593295
0.780387,3.65375242781
0.782186,3.65239778274
0.783989,3.65105188998
0.785796,3.64971463184
0.787608,3.6483859059
0.789423,3.64706557943
0.791243,3.64575354138
0.793067,3.64444967744
0.794895,3.64315384712
0.796728,3.64186594034
0.798564,3.64058581603
0.800405,3.63931335859
0.80225,3.6380484426
0.8041,3.63679092671
0.805953,3.63554069164
0.807811,3.63429760698
0.809673,3.63306154654
0.81154,3.63183238168
0.813411,3.63060998389
0.815286,3.6293942425
0.817165,3.62818503036
0.819049,3.62698222283
0.820937,3.62578571584
0.82283,3.62459538972
0.824726,3.62341113898
0.826628,3.62223286554
0.828533,3.62106046741
0.830443,3.61989385135
0.832357,3.61873292549
0.834276,3.61757760497
0.836199,3.61642782358
0.838127,3.61528349842
0.840059,3.61414455199
0.841996,3.61301093417
0.843937,3.61188258578
0.845882,3.61075945278
0.847832,3.60964148881
0.849787,3.60852866343
0.851746,3.60742092182
0.853709,3.60631824263
0.855677,3.6052205929
0.85765,3.60412795839
0.859627,3.60304031201
0.861608,3.60195764193
0.863595,3.60087993408
0.865585,3.5998071824
0.867581,3.59873938318
0.869581,3.59767652188
0.871585,3.59661861127
0.873594,3.59556564453
0.875608,3.59451761902
0.877627,3.59347455045
0.87965,3.59243642979
0.881678,3.59140327958
0.88371,3.59037509966
0.885747,3.58935188959
0.887789,3.58833365259
0.889836,3.58732041675
0.891887,3.58631216959
0.893943,3.58530893096
0.896004,3.58431069529
0.898069,3.58331748398
0.90014,3.58232928234
0.902215,3.58134610066
0.904294,3.58036795102
0.906379,3.57939483704
0.908469,3.57842674719
0.910563,3.57746368489
0.912662,3.5765056543
0.914766,3.57555266037
0.916874,3.57460468195
0.918988,3.5736617329
0.921107,3.57272379949
0.92323,3.57179088737
0.925358,3.5708629597
0.927491,3.56994003931
0.929629,3.5690221087
0.931772,3.56810915133
0.93392,3.56720116513
0.936073,3.56629813399
0.938231,3.5654000471
0.940394,3.56450688322
0.942562,3.56361863365
0.944735,3.56273528177
0.946913,3.56185682112
0.949095,3.56098321963
0.951283,3.56011446745
0.953476,3.55925055173
0.955674,3.55839144378
0.957877,3.55753713525
0.960085,3.5566876013
0.962299,3.55584282148
0.964517,3.55500277258
0.96674,3.55416744564
0.968969,3.55333680225
0.971203,3.55251083876
0.973442,3.55168951578
0.975686,3.55087283223
0.977935,3.55006074876
0.980189,3.54925325086
0.982449,3.54845030875
0.984713,3.54765191342
0.986983,3.54685803019
0.989259,3.54606864254
0.991539,3.54528372475
0.993825,3.54450324993
0.996116,3.54372720858
0.998412,3.54295556437
1.00071,3.54218830197
1.00302,3.54142539825
1.00533,3.54066683092
1.00765,3.53991257197
1.00997,3.53916260856
1.0123,3.5384169093
1.01464,3.53767546401
1.01697,3.53693823978
1.01932,3.53620522313
1.02167,3.53547639225
1.02402,3.53475172528
1.02638,3.53403120564
1.02875,3.53331481563
1.03112,3.53260254299
1.0335,3.53189436323
1.03588,3.5311902593
1.03827,3.53049024323
1.04066,3.52979428025
1.04306,3.52910240278
1.04547,3.52841459074
1.04788,3.52773083098
1.05029,3.52705114297
1.05271,3.52637553799
1.05514,3.52570388802
1.05757,3.52503612881
1.06001,3.52437220491
1.06245,3.5237120713
1.0649,3.52305569442
1.06736,3.52240306462
1.06982,3.52175408422
1.07228,3.52110873528
1.07476,3.52046702225
1.07723,3.51982890818
1.07972,3.51919435707
1.08221,3.51856333399
1.0847,3.51793581077
1.0872,3.51731176783
1.08971,3.51669117331
1.09222,3.51607400283
1.09474,3.51546021607
1.09726,3.51484981787
1.09979,3.51424275653
1.10233,3.51363902051
1.10487,3.51303857778
1.10741,3.51244142091
1.10997,3.51184751456
1.11253,3.51125684401
1.11509,3.51066937722
1.11766,3.51008509335
1.12024,3.50950397782
1.12282,3.50892600966
1.12541,3.50835116816
1.128,3.50777942324
1.1306,3.5072107596
1.13321,3.50664515979
1.13582,3.50608260245
1.13844,3.50552306723
1.14106,3.50496652685
1.14369,3.50441297181
1.14633,3.50386238272
1.14897,3.50331473332
1.15162,3.50277000935
1.15428,3.50222819016
1.15694,3.50168926222
1.1596,3.50115320464
1.16228,3.50061999746
1.16496,3.5000896204
1.16764,3.49956205952
1.17033,3.49903729944
1.17303,3.49851531325
1.17574,3.49799609478
1.17845,3.49747961823
1.18116,3.49696586807
1.18389,3.49645483761
1.18662,3.4959464943
1.18935,3.49544083551
1.19209,3.49493783085
1.19484,3.49443747761
1.19759,3.49393975539
1.20036,3.4934446397
1.20312,3.49295212605
1.2059,3.49246219524
1.20868,3.49197483147
1.21146,3.49149001612
1.21425,3.4910077392
1.21705,3.49052797395
1.21986,3.49005071955
1.22267,3.48957596347
1.22549,3.489103667
1.22832,3.48863383835
1.23115,3.48816645549
1.23398,3.48770151042
1.23683,3.48723897254
1.23968,3.48677884064
1.24254,3.48632109627
1.2454,3.48586573003
1.24827,3.48541272231
1.25115,3.4849620626
1.25404,3.48451373197
1.25693,3.48406772269
1.25982,3.483624018
1.26273,3.48318260392
1.26564,3.48274347157
1.26856,3.48230659892
1.27148,3.48187198857
1.27441,3.48143961605
1.27735,3.48100945964
1.28029,3.4805815235
1.28325,3.48015579283
1.2862,3.47973224571
1.28917,3.47931087235
1.29214,3.47889166292
1.29512,3.47847460422
1.29811,3.47805968476
1.3011,3.47764689069
1.3041,3.47723620975
1.3071,3.4768276316
1.31012,3.47642114816
1.31314,3.47601673442
1.31616,3.47561438952
1.3192,3.47521409924
1.32224,3.47481585325
1.32529,3.47441963046
1.32834,3.47402543906
1.3314,3.47363324678
1.33447,3.47324305795
1.33755,3.47285485658
1.34063,3.47246861944
1.34372,3.47208435011
1.34682,3.47170203249
1.34993,3.47132165756
1.35304,3.4709432139
1.35616,3.47056669194
1.35928,3.47019207589
1.36242,3.4698193559
1.36556,3.46944853108
1.36871,3.46907957424
1.37186,3.46871249124
1.37502,3.46834725958
1.37819,3.46798388348
1.38137,3.46762233335
1.38455,3.46726261129
1.38775,3.46690470489
1.39094,3.46654860416
1.39415,3.46619429617
1.39737,3.46584177972
1.40059,3.46549103781
1.40382,3.46514206068
1.40705,3.46479483755
1.41029,3.4644493652
1.41355,3.46410562189
1.4168,3.46376361321
1.42007,3.46342331383
1.42334,3.46308473259
1.42663,3.4627478495
1.42991,3.46241265376
1.43321,3.46207914015
1.43651,3.46174729517
1.43983,3.46141711214
1.44314,3.46108858748
1.44647,3.46076170506
1.44981,3.46043645534
1.45315,3.46011283847
1.4565,3.45979083457
1.45986,3.45947043652
1.46322,3.45915164633
1.46659,3.45883444038
1.46997,3.45851882386
1.47336,3.45820478005
1.47676,3.45789229858
1.48016,3.45758137641
1.48358,3.45727200238
1.487,3.45696416911
1.49042,3.45665786864
1.49386,3.45635309372
1.4973,3.45604983288
1.50076,3.45574807795
1.50421,3.45544783128
1.50768,3.45514906773
1.51116,3.45485178717
1.51464,3.45455599149
1.51813,3.45426165749
1.52163,3.45396878138
1.52514,3.4536773614
1.52866,3.4533873896
1.53218,3.45309884638
1.53571,3.45281173585
1.53925,3.45252604314
1.5428,3.45224177232
1.54636,3.45195889868
1.54992,3.45167742886
1.5535,3.45139734983
1.55708,3.45111865414
1.56067,3.45084133701
1.56426,3.45056539131
1.56787,3.45029080393
1.57148,3.45001757102
1.57511,3.44974569132
1.57874,3.44947514447
1.58238,3.44920593642
1.58602,3.44893805628
1.58968,3.44867149234
1.59335,3.44840624364
1.59702,3.44814229777
1.6007,3.44787964928
1.60439,3.4476182999
1.60809,3.44735823491
1.6118,3.44709943952
1.61551,3.44684192449
1.61923,3.44658567082
1.62297,3.44633067528
1.62671,3.44607693991
1.63046,3.44582443693
1.63422,3.44557317952
1.63798,3.44532315443
1.64176,3.44507435728
1.64555,3.44482677962
1.64934,3.44458041168
1.65314,3.44433525444
1.65695,3.44409129043
1.66077,3.44384853205
1.6646,3.44360695395
1.66844,3.4433665607
1.67228,3.44312733636
1.67614,3.44288929497
1.68,3.44265240785
1.68388,3.44241668123
1.68776,3.44218210416
1.69165,3.44194867143
1.69555,3.44171637933
1.69946,3.44148522009
1.70337,3.44125519326
1.7073,3.44102628849
1.71124,3.44079849682
1.71518,3.44057181788
1.71913,3.44034623661
1.7231,3.44012176385
1.72707,3.4398983814
1.73105,3.43967608732
1.73504,3.4394548728
1.73904,3.43923473533
1.74305,3.43901566923
1.74707,3.43879766991
1.7511,3.43858073048
1.75513,3.43836484215
1.75918,3.43815001282
1.76323,3.43793621524
1.7673,3.4377234652
1.77137,3.4375117493
1.77546,3.43730105517
1.77955,3.43709138173
1.78365,3.43688272986
1.78776,3.43667509276
1.79188,3.43646845872
1.79601,3.43626282636
1.80015,3.43605819609
1.8043,3.43585454787
1.80846,3.43565189541
1.81263,3.43545021838
1.81681,3.43524951982
1.821,3.4350497909
1.8252,3.43485103402
1.82941,3.4346532358
1.83362,3.43445639055
1.83785,3.43426050417
1.84209,3.43406556032
1.84633,3.43387156039
1.85059,3.43367849833
1.85485,3.43348636722
1.85913,3.43329516312
1.86342,3.43310489114
1.86771,3.43291552693
1.87202,3.43272708216
1.87633,3.4325395447
1.88066,3.43235291467
1.88499,3.43216718609
1.88934,3.4319823467
1.89369,3.43179840459
1.89806,3.43161534509
1.90244,3.43143317052
1.90682,3.43125187108
1.91122,3.43107145138
1.91562,3.43089188955
1.92004,3.43071320204
1.92446,3.43053536605
1.9289,3.43035839514
1.93335,3.43018226905
1.9378,3.43000699299
1.94227,3.42983255683
1.94675,3.42965896638
1.95124,3.42948620553
1.95573,3.42931427407
1.96024,3.42914317058
1.96476,3.42897288909
1.96929,3.42880342406
1.97383,3.4286347722
1.97838,3.42846693358
1.98294,3.42829989767
1.98751,3.42813365865
1.99209,3.42796822913
1.99669,3.42780358497
2.00129,3.42763973168
2.0059,3.42747666152
2.01053,3.42731437832
2.01516,3.42715286978
2.01981,3.42699213413
2.02446,3.4268321721
2.02913,3.42667298031
2.03381,3.42651453874
2.0385,3.42635686601
2.0432,3.42619993873
2.04791,3.42604377122
2.05263,3.42588835167
2.05736,3.42573366699
2.0621,3.42557973155
2.06685,3.4254265265
2.07162,3.42527405763
2.07639,3.42512231103
2.08118,3.42497129401
2.08598,3.4248210029
2.09079,3.42467142286
2.09561,3.4245225644
2.10044,3.42437440907
2.10528,3.42422696973
2.11013,3.42408022898
2.115,3.42393419135
2.11987,3.42378884657
2.12476,3.42364419602
2.12966,3.42350024194
2.13457,3.42335696644
2.13949,3.42321437828
2.14442,3.42307246948
2.14936,3.42293124289
2.15432,3.42279068153
2.15928,3.42265079392
2.16426,3.42251156664
2.16925,3.42237301121
2.17425,3.42223510954
2.17926,3.42209787039
2.18429,3.42196128068
2.18932,3.42182533814
2.19437,3.42169005079
2.19943,3.42155539975
2.2045,3.42142139752
2.20958,3.42128803023
2.21467,3.42115529407
2.21978,3.42102319018
2.2249,3.42089171616
2.23003,3.42076086307
2.23517,3.4206306383
2.24032,3.42050102893
2.24548,3.42037203714
2.25066,3.42024365691
2.25585,3.42011588519
2.26105,3.41998871851
2.26626,3.41986216352
2.27149,3.41973620178
2.27672,3.41961084097
2.28197,3.41948607653
2.28723,3.41936190621
2.2925,3.41923831972
2.29779,3.41911532178
2.30308,3.41899290759
2.30839,3.418871077
2.31372,3.41874981676
2.31905,3.41862914255
2.32439,3.41850903165
2.32975,3.41838949032
2.33512,3.41827051783
2.34051,3.41815210925
2.3459,3.4180342622
2.35131,3.41791697217
2.35673,3.41780023889
2.36216,3.41768405638
2.36761,3.41756842723
2.37307,3.41745334043
2.37854,3.41733880308
2.38402,3.41722480965
2.38952,3.41711135397
2.39502,3.41699843043
2.40055,3.41688604942
2.40608,3.41677419764
2.41163,3.41666286838
2.41718,3.41655206996
2.42276,3.41644179933
2.42834,3.41633204693
2.43394,3.41622281152
2.43955,3.41611409475
2.44517,3.41600588997
2.45081,3.41589819639
2.45646,3.41579101352
2.46212,3.41568433844
2.4678,3.41557816113
2.47349,3.4154724906
2.47919,3.41536731733
2.48491,3.41526263825
2.49063,3.41515845991
2.49638,3.41505477047
2.50213,3.41495156841
2.5079,3.41484885151
2.51368,3.41474662414
2.51947,3.41464487841
2.52528,3.41454361225
2.5311,3.41444281886
2.53694,3.41434250529
2.54279,3.41424266687
2.54865,3.41414329606
2.55452,3.41404439657
2.56041,3.41394596093
2.56631,3.41384798663
2.57223,3.41375047649
2.57816,3.41365342687
2.5841,3.41355683046
2.59006,3.41346069746
2.59603,3.41336501299
2.60202,3.4132697734
2.60801,3.41317498935
2.61403,3.41308065053
2.62005,3.4129867525
2.62609,3.41289330333
2.63215,3.41280028386
2.63821,3.41270771073
2.64429,3.41261556805
2.65039,3.41252386619
2.6565,3.41243259225
2.66262,3.4123417431
2.66876,3.41225132561
2.67491,3.41216133427
2.68108,3.41207175947
2.68726,3.41198261487
2.69346,3.41189388202
2.69967,3.41180557328
2.70589,3.41171767089
2.71213,3.41163018505
2.71838,3.41154311189
2.72464,3.41145645026
2.73093,3.41137019241
2.73722,3.41128434283
2.74353,3.41119889251
2.74986,3.41111384493
2.75619,3.41102919966
2.76255,3.41094494704
2.76892,3.41086109418
2.7753,3.4107776358
2.7817,3.41069456847
2.78811,3.41061188581
2.79454,3.41052959555
2.80098,3.41044768593
2.80744,3.4103661633
2.81391,3.41028503096
2.82039,3.4102042679
2.8269,3.41012389183
2.83341,3.41004389518
2.83994,3.40996426439
2.84649,3.40988501067
2.85305,3.4098061286
2.85963,3.40972761568
2.86622,3.40964947426
2.87283,3.40957169541
2.87945,3.40949428412
2.88609,3.40941722842
2.89274,3.4093405415
2.89941,3.40926421365
2.9061,3.40918824203
2.91279,3.40911262706
2.91951,3.40903736234
2.92624,3.4089624504
2.93299,3.40888789539
2.93975,3.40881368767
2.94652,3.40873982084
2.95332,3.40866631016
2.96012,3.40859313038
2.96695,3.40852030668
2.97379,3.40844781924
2.98064,3.40837566689
2.98751,3.40830385621
2.9944,3.40823238
3.0013,3.40816123736
3.00822,3.40809043104
3.01516,3.40801995169
3.02211,3.40794980715
3.02907,3.40787998512
3.03606,3.40781049419
3.04306,3.40774132674
3.05007,3.40767247935
3.0571,3.4076039558
3.06415,3.40753575094
3.07121,3.40746787065
3.07829,3.40740030047
3.08539,3.40733305434
3.0925,3.40726611601
3.09963,3.4071994925
3.10678,3.40713317821
3.11394,3.40706717884
3.12112,3.40700148571
3.12831,3.40693609379
3.13552,3.40687101115
3.14275,3.40680623386
3.15,3.40674175637
3.15726,3.4066775846
3.16453,3.40661370816
3.17183,3.40655013547
3.17914,3.40648685199
3.18647,3.40642386739
3.19382,3.40636117842
3.20118,3.40629877968
3.20856,3.40623667266
3.21595,3.40617485448
3.22337,3.40611332885
3.2308,3.4060520868
3.23825,3.40599112867
3.24571,3.40593045638
3.25319,3.40587007015
3.26069,3.40580996616
3.26821,3.40575014087
3.27574,3.40569058935
3.28329,3.40563131756
3.29086,3.40557232475
3.29845,3.40551360564
3.30605,3.40545516192
3.31367,3.40539699232
3.32131,3.40533908675
3.32897,3.40528145688
3.33664,3.40522409737
3.34434,3.40516699881
3.35205,3.40511017086
3.35977,3.40505360349
3.36752,3.40499730092
3.37528,3.4049412603
3.38306,3.40488548273
3.39086,3.40482996691
3.39868,3.40477470595
3.40651,3.40471970106
3.41436,3.40466495748
3.42224,3.40461046582
3.43012,3.40455622744
3.43803,3.40450224279
3.44596,3.40444850984
3.4539,3.40439502524
3.46186,3.40434178683
3.46984,3.40428880261
3.47784,3.40423605998
3.48586,3.40418356627
3.4939,3.40413131161
3.50195,3.40407930856
3.51002,3.40402753799
3.51811,3.40397601372
3.52622,3.40392472973
3.53435,3.40387368003
3.5425,3.40382286887
3.55067,3.4037722975
3.55885,3.40372195988
3.56706,3.40367185182
3.57528,3.40362198078
3.58352,3.40357234488
3.59178,3.40352293454
3.60006,3.40347375525
3.60836,3.40342480019
3.61668,3.40337608365
3.62502,3.4033275826
3.63337,3.40327931393
3.64175,3.40323126329
3.65014,3.4031834395
3.65856,3.40313583757
3.66699,3.40308845672
3.67544,3.40304129487
3.68392,3.4029943535
3.69241,3.40294762772
3.70092,3.40290112166
3.70945,3.40285483293
3.718,3.40280875618
3.72658,3.4027628932
3.73517,3.40271724597
3.74378,3.40267180793
3.75241,3.40262658136
3.76106,3.40258156175
3.76973,3.40253675327
3.77842,3.40249215869
3.78713,3.40244776635
3.79586,3.40240357629
3.80461,3.40235959543
3.81338,3.40231581669
3.82217,3.4022722414
3.83098,3.40222886649
3.83981,3.40218569838
3.84866,3.40214272313
3.85754,3.40209995416
3.86643,3.40205737885
3.87534,3.40201500435
3.88427,3.40197282163
3.89323,3.40193083674
3.9022,3.40188904774
3.9112,3.40184745123
3.92021,3.40180604842
3.92925,3.40176483264
3.93831,3.40172381457
3.94739,3.40168298415
3.95649,3.40164234396
3.96561,3.40160189136
3.97475,3.4015616282
3.98391,3.40152154859
3.9931,3.40148165169
4.0023,3.40144194025
4.01153,3.40140242028
4.02078,3.40136307599
4.03004,3.4013239164
4.03934,3.4012849357
4.04865,3.40124614009
4.05798,3.40120752126
4.06733,3.40116908316
4.07671,3.40113082028
4.08611,3.40109273864
4.09553,3.40105482838
4.10497,3.40101709405
4.11443,3.40097953649
4.12392,3.40094215093
4.13342,3.40090493729
4.14295,3.40086790056
4.1525,3.40083103063
4.16207,3.40079433358
4.17167,3.40075780435
4.18129,3.40072144857
4.19092,3.40068525629
4.20059,3.40064923065
4.21027,3.40061337365
4.21998,3.40057767847
4.2297,3.40054215389
4.23945,3.40050679271
4.24923,3.40047159432
4.25902,3.40043655811
4.26884,3.40040168288
4.27868,3.40036696863
4.28854,3.40033241607
4.29843,3.40029802109
4.30834,3.40026379253
4.31827,3.40022971037
4.32823,3.40019579134
4.3382,3.40016202944
4.3482,3.40012842401
4.35823,3.40009497092
4.36827,3.40006167338
4.37834,3.40002853353
4.38844,3.39999553953
4.39855,3.39996270212
4.40869,3.39993001459
4.41886,3.3998974762
4.42904,3.39986509409
4.43925,3.39983285719
4.44949,3.39980076793
4.45974,3.39976883225
4.47002,3.39973703671
4.48033,3.39970539425
4.49066,3.39967389608
4.50101,3.39964253825
4.51138,3.39961132801
4.52178,3.3995802646
4.53221,3.39954933823
4.54266,3.39951855557
4.55313,3.39948792024
4.56362,3.39945742476
4.57414,3.39942706392
4.58469,3.3993968459
4.59526,3.39936676993
4.60585,3.39933683042
4.61647,3.39930702657
4.62711,3.39927736387
4.63778,3.39924783473
4.64847,3.39921843929
4.65918,3.39918918669
4.66992,3.39916006728
4.68069,3.39913107626
4.69148,3.39910222083
4.7023,3.39907349901
4.71313,3.39904490822
4.724,3.39901644874
4.73489,3.39898812057
4.7458,3.39895992743
4.75675,3.39893185461
4.76771,3.39890391739
4.7787,3.39887610881
4.78972,3.39884842526
4.80076,3.39882086513
4.81183,3.39879343639
4.82292,3.39876613479
4.83404,3.39873895386
4.84518,3.39871190285
4.85635,3.39868497426
4.86754,3.39865816718
4.87876,3.39863148608
4.89001,3.39860492497
4.90128,3.39857848458
4.91258,3.39855216763
4.92391,3.39852596869
4.93526,3.39849989507
4.94664,3.39847394049
4.95804,3.39844809275
4.96947,3.39842237831
4.98092,3.3983967674
4.99241,3.39837127915
5.00391,3.39834590731
5.01545,3.39832065703
5.02701,3.39829551338
5.0386,3.39827048775
5.05022,3.39824557496
5.06186,3.39822078421
5.07353,3.39819610155
5.08522,3.39817153812
5.09694,3.39814708906
5.10869,3.39812275381
5.12047,3.39809853302
5.13227,3.39807442502
5.14411,3.39805042581
5.15596,3.3980265356
5.16785,3.39800275326
5.17976,3.39797908658
5.1917,3.39795552155
5.20367,3.39793206556
5.21567,3.39790870859
5.22769,3.39788546428
5.23974,3.3978623222
5.25182,3.39783928686
5.26393,3.39781636417
5.27606,3.39779353792
5.28822,3.39777081436
5.30042,3.39774819644
5.31263,3.39772568028
5.32488,3.39770326407
5.33716,3.39768095156
5.34946,3.39765874513
5.36179,3.3976366329
5.37415,3.39761462128
5.38654,3.39759271229
5.39896,3.39757090135
5.4114,3.39754918661
5.42388,3.39752757682
5.43638,3.39750606128
5.44891,3.39748464346
5.46147,3.3974633274
5.47406,3.39744210305
5.48668,3.39742098367
5.49933,3.39739995464
5.51201,3.3973790253
5.52471,3.39735818584
5.53745,3.39733744912
5.55022,3.39731680421
5.56301,3.39729625583
5.57583,3.39727579898
5.58869,3.39725543998
5.60157,3.39723516913
5.61448,3.39721499346
5.62743,3.39719491088
5.6404,3.39717492017
5.6534,3.39715501817
5.66643,3.39713520776
5.6795,3.39711548645
5.69259,3.39709584635
5.70571,3.39707630276
5.71887,3.39705683808
5.73205,3.39703746294
5.74526,3.39701817747
5.75851,3.39699897486
5.77178,3.39697985599
5.78509,3.39696082317
5.79842,3.39694187603
5.81179,3.39692301602
5.82519,3.39690423088
5.83862,3.3968855341
5.85207,3.39686692309
5.86557,3.39684839457
5.87909,3.3968299467
5.89264,3.39681158017
5.90622,3.39679329537
5.91984,3.39677508733
5.93349,3.39675696613
5.94716,3.39673892403
5.96087,3.3967209628
5.97461,3.39670307577
5.98839,3.39668527433
6.00219,3.39666754686
6.01603,3.39664990435
6.0299,3.39663233764
6.0438,3.39661484921
6.05773,3.39659743864
6.07169,3.39658010771
6.08569,3.39656284873
6.09972,3.39654566829
6.11378,3.39652856237
6.12787,3.39651153553
6.142,3.39649458164
6.15616,3.39647769928
6.17035,3.39646089004
6.18458,3.39644415694
6.19883,3.39642749534
6.21312,3.39641090526
6.22744,3.396394389
6.2418,3.39637793783
6.25619,3.39636156409
6.27061,3.39634525469
6.28507,3.39632901653
6.29956,3.39631284339
6.31408,3.39629673255
6.32863,3.39628068757
6.34322,3.3962647052
6.35784,3.39624877753
6.3725,3.39623290952
6.38719,3.3962170899
6.40191,3.39620133102
6.41667,3.39618562858
6.43146,3.3961699758
6.44629,3.39615438329
6.46115,3.39613884524
6.47605,3.39612335773
6.49097,3.39610791848
6.50594,3.39609253479
6.52094,3.3960771821
6.53597,3.39606187746
6.55103,3.39604661199
6.56614,3.39603136518
6.58127,3.39601615025
6.59644,3.39600097565
6.61165,3.39598582368
6.62689,3.39597070239
6.64217,3.39595561765
6.65748,3.39594057285
6.67283,3.39592559321
6.68821,3.39591068618
6.70363,3.39589588193
6.71908,3.39588120815
6.73457,3.3958666822
6.75009,3.39585233325
6.76566,3.39583818759
6.78125,3.3958242829
6.79688,3.39581065759
6.81255,3.39579736978
6.82826,3.39578448201
6.844,3.39577203313
6.85978,3.39575999586
6.87559,3.3957482742
6.89144,3.39573670205
6.90732,3.3957251112
6.92325,3.39571334384
6.93921,3.39570134137
6.9552,3.39568908587
6.97124,3.39567659845
6.98731,3.39566392539
7.00342,3.39565109295
7.01956,3.39563814237
7.03574,3.39562511772
7.05196,3.39561206118
7.06822,3.39559902701
7.08451,3.39558605112
7.10084,3.39557317525
7.11721,3.39556040613
7.13362,3.39554774665
7.15006,3.39553519546
7.16655,3.39552274481
7.18307,3.39551038722
7.19963,3.39549811859
7.21622,3.39548593678
7.23286,3.39547383147
7.24953,3.39546180237
7.26624,3.39544984478
7.28299,3.3954379324
7.29978,3.39542604642
7.31661,3.39541415627
7.33348,3.39540224283
7.35038,3.39539028856
7.36733,3.39537827278
7.38431,3.3953662183
7.40133,3.39535413365
7.41839,3.39534204015
7.43549,3.39532997162
7.45264,3.39531795804
7.46982,3.39530603708
7.48704,3.39529423705
7.50429,3.39528258588
7.52159,3.3952711076
7.53893,3.39525981893
7.55631,3.39524871368
7.57373,3.39523779136
7.59119,3.39522702719
7.60869,3.39521642321
7.62623,3.39520596629
7.64381,3.39519563152
7.66143,3.39518539312
7.67909,3.39517524113
7.69679,3.39516513619
7.71454,3.39515503749
7.73232,3.39514492594
7.75015,3.39513476444
7.76801,3.39512453665
7.78592,3.39511422873
7.80387,3.39510386047
7.82186,3.39509343845
7.83989,3.39508296586
7.85796,3.39507246367
7.87608,3.3950619321
7.89423,3.39505138204
7.91243,3.39504082504
7.93067,3.39503026051
7.94895,3.39501969313
7.96728,3.39500912577
7.98564,3.39499857337
8.00405,3.39498804217
8.0225,3.39497753339
8.041,3.39496705093
8.05953,3.3949565776
8.07811,3.39494610942
8.09673,3.39493564191
8.1154,3.39492517529
8.13411,3.39491470949
8.15286,3.39490425361
8.17165,3.39489381181
8.19049,3.39488339798
8.20937,3.39487302324
8.2283,3.39486270689
8.24726,3.39485246537
8.26628,3.39484231576
8.28533,3.39483225751
8.30443,3.3948223085
8.32357,3.39481247977
8.34276,3.39480277282
8.36199,3.39479321064
8.38127,3.3947837812
8.40059,3.3947744813
8.41996,3.39476528465
8.43937,3.39475617852
8.45882,3.39474714823
8.47832,3.39473818339
8.49787,3.39472927247
8.51746,3.39472040959
8.53709,3.39471159445
8.55677,3.3947027988
8.5765,3.39469402867
8.59627,3.3946852721
8.61608,3.39467651362
8.63595,3.39466776941
8.65585,3.39465906539
8.67581,3.39465044079
8.69581,3.39464195582
8.71585,3.39463367682
8.73594,3.39462564817
8.75608,3.39461787932
8.77627,3.39461035442
8.7965,3.39460303619
8.81678,3.39459586015
8.8371,3.39458877951
8.85747,3.3945817495
8.87789,3.39457474357
8.89836,3.39456775941
8.91887,3.39456081677
8.93943,3.39455391644
8.96004,3.39454706194
8.98069,3.39454025101
9.0014,3.39453347775
9.02215,3.39452669156
9.04294,3.39451986399
9.06379,3.39451295391
9.08469,3.39450593404
9.10563,3.39449879668
9.12662,3.39449153965
9.14766,3.39448417492
9.16874,3.39447671178
9.18988,3.39446915132
9.21107,3.39446148928
9.2323,3.39445371111
9.25358,3.39444580156
9.27491,3.39443776412
9.29629,3.3944295868
9.31772,3.39442128205
9.3392,3.39441286851
9.36073,3.39440435865
9.38231,3.39439576494
9.40394,3.3943871003
9.42562,3.39437837829
9.44735,3.39436959817
9.46913,3.39436076314
9.49095,3.39435187544
9.51283,3.39434292051
9.53476,3.39433388856
9.55674,3.39432477184
9.57877,3.39431555573
9.60085,3.39430624391
9.62299,3.39429687176
9.64517,3.39428748652
9.6674,3.39427814121
9.68969,3.39426888787
9.71203,3.39425974197
9.73442,3.39425073308
9.75686,3.39424185458
9.77935,3.39423311587
9.80189,3.39422450162
9.82449,3.39421602873
9.84713,3.39420770954
9.86983,3.39419958134
9.89259,3.39419168133
9.91539,3.39418403826
9.93825,3.39417664327
9.96116,3.39416942452
9.98412,3.3941623203
10.0071,3.39415528701
10.0302,3.39414836823
10.0533,3.39414167564
10.0765,3.39413529484
10.0997,3.3941292951
10.123,3.3941236569
10.1464,3.39411834524
10.1697,3.39411330114
10.1932,3.39410847648
10.2167,3.39410384618
10.2402,3.39409936117
10.2638,3.39409502144
10.2875,3.39409076249
10.3112,3.39408656144
10.335,3.39408235559
10.3588,3.39407810738
10.3827,3.39407379441
10.4066,3.39406941045
10.4306,3.39406492246
10.4547,3.39406024144
10.4788,3.39405525285
10.5029,3.39404983068
10.5271,3.39404397627
10.5514,3.39403775264
10.5757,3.39403126556
10.6001,3.3940245587
10.6245,3.39401775458
10.649,3.39401098809
10.6736,3.39400446025
10.6982,3.39399830981
10.7228,3.39399250826
10.7476,3.39398689266
10.7723,3.39398126504
10.7972,3.39397559386
10.8221,3.3939699431
10.847,3.39396452626
10.872,3.39395954821
10.8971,3.39395515364
10.9222,3.39395140109
10.9474,3.39394827115
10.9726,3.39394569935
10.9979,3.39394357949
11.0233,3.393941836
11.0487,3.39394036868
11.0741,3.39393911603
11.0997,3.39393802647
11.1253,3.39393707974
11.1509,3.39393625778
11.1766,3.39393555738
11.2024,3.39393496362
11.2282,3.39393444407
11.2541,3.39393395333
11.28,3.39393341157
11.306,3.39393273486
11.3321,3.39393185752
11.3582,3.39393076388
11.3844,3.39392952023
11.4106,3.3939282388
11.4369,3.39392705579
11.4633,3.39392601838
11.4897,3.39392504759
11.5162,3.39392392892
11.5428,3.39392236639
11.5694,3.39392007061
11.596,3.39391684617
11.6228,3.39391267573
11.6496,3.39390765417
11.6764,3.39390196367
11.7033,3.39389580913
11.7303,3.39388933093
11.7574,3.39388257505
11.7845,3.39387546283
11.8116,3.39386782058
11.8389,3.39385941886
11.8662,3.39385007073
11.8935,3.39383978997
11.9209,3.39382885175
11.9484,3.39381786562
11.9759,3.39380762533
12.0036,3.39379890941
12.0312,3.39379225087
12.059,3.39378779851
12.0868,3.3937853853
12.1146,3.39378461483
12.1425,3.39378504628
12.1705,3.39378624329
12.1986,3.39378775905
12.2267,3.39378910519
12.2549,3.39378979009
12.2832,3.39378936698
12.3115,3.393787504
12.3398,3.39378405529
12.3683,3.39377898866
12.3968,3.39377223546
12.4254,3.39376351498
12.454,3.39375251377
12.4827,3.3937404085
12.5115,3.39373035146
12.5404,3.39372409211
12.5693,3.39372030017
12.5982,3.39371720271
12.6273,3.39371410234
12.6564,3.39371088201
12.6856,3.39370752985
12.7148,3.39370404479
12.7441,3.39370041823
12.7735,3.3936966615
12.8029,3.39369282597
12.8325,3.3936889299
12.862,3.39368500448
12.8917,3.39368107497
12.9214,3.39367716004
12.9512,3.39367326046
12.9811,3.39366939161
13.011,3.39366554468
13.041,3.39366172719
13.071,3.39365792352
13.1012,3.39365415281
13.1314,3.39365042846
13.1616,3.393646776
13.192,3.39364323699
13.2224,3.39363986695
13.2529,3.39363673463
13.2834,3.39363391559
13.314,3.39363155849
13.3447,3.39362984654
13.3755,3.39362905817
13.4063,3.39362964637
13.4372,3.39363245161
13.4682,3.39363867701
13.4993,3.3936487211
13.5304,3.39366024577
13.5616,3.39366967364
13.5928,3.3936760236
13.6242,3.3936806043
13.6556,3.3936843935
13.6871,3.39368762474
13.7186,3.39369028715
13.7502,3.39369239696
13.7819,3.39369394685
13.8137,3.39369498208
13.8455,3.39369548633
13.8775,3.39369536443
13.9094,3.39369432999
13.9415,3.39369183384
13.9737,3.39368706583
14.0059,3.39367928076
14.0382,3.39366868271
14.0705,3.39365668605
14.1029,3.39364454367
14.1355,3.39363249948
14.168,3.39362062583
14.2007,3.39360914469
14.2334,3.39359822342
14.2663,3.39358789737
14.2991,3.39357822512
14.3321,3.3935693345
14.3651,3.39356143146
14.3983,3.39355472092
14.4314,3.39354917528
14.4647,3.39354435039
14.4981,3.39353950999
14.5315,3.39353410111
14.565,3.39352803341
14.5986,3.39352160893
14.6322,3.39351511578
14.6659,3.39350867802
14.6997,3.39350231991
14.7336,3.39349600894
14.7676,3.39348971467
14.8016,3.39348342182
14.8358,3.39347711593
14.87,3.39347078075
14.9042,3.3934644078
14.9386,3.39345798581
14.973,3.39345151272
15.0076,3.39344496555
15.0421,3.39343832441
15.0768,3.39343161585
15.1116,3.39342481456
15.1464,3.39341791777
15.1813,3.39341087647
15.2163,3.39340359269
15.2514,3.39339598355
15.2866,3.3933879368
15.3218,3.39337942425
15.3571,3.39337049443
15.3925,3.39336111646
15.428,3.39335126103
15.4636,3.39334081705
15.4992,3.39332964066
15.535,3.39331757094
15.5708,3.3933043994
15.6067,3.39328981834
15.6426,3.39327343477
15.6787,3.39325460144
15.7148,3.3932322422
15.7511,3.39320459511
15.7874,3.39316923234
15.8238,3.39312464096
15.8602,3.39307386579
15.8968,3.39302800366
15.9335,3.39300380535
15.9702,3.39301334475
16.007,3.39305404543
16.0439,3.39311027697
16.0809,3.39316522087
16.118,3.39321127231
16.1551,3.39325090993
16.1923,3.39329112107
16.2297,3.39333752095
16.2671,3.39339146945
16.3046,3.39345009266
16.3422,3.39350806339
16.3798,3.39355999795
16.4176,3.39360252608
16.4555,3.39363510134
16.4934,3.39365921434
16.5314,3.39367674007
16.5695,3.39368847246
16.6077,3.39369422867
16.646,3.39369386687
16.6844,3.39368812186
16.7228,3.39367854303
16.7614,3.39366682338
16.8,3.39365420277
16.8388,3.39364141736
16.8776,3.39362879808
16.9165,3.39361644079
16.9555,3.39360435686
16.9946,3.39359250549
17.0337,3.39358090234
17.073,3.39356952189
17.1124,3.39355841707
17.1518,3.39354759443
17.1913,3.39353714137
17.231,3.39352708812
17.2707,3.39351751162
17.3105,3.39350852977
17.3504,3.39350034334
17.3904,3.39349328714
17.4305,3.39348782656
17.4707,3.39348446585
17.511,3.39348356078
17.5513,3.39348507677
17.5918,3.39348841019
17.6323,3.39349248319
17.673,3.3934961631
17.7137,3.39349858331
17.7546,3.39349949025
17.7955,3.39349920045
17.8365,3.39349822844
17.8776,3.39349701344
17.9188,3.39349578032
17.9601,3.39349448447
18.0015,3.39349308609
18.043,3.39349156308
18.0846,3.39348999266
18.1263,3.39348845074
18.1681,3.39348696062
18.21,3.3934855196
18.252,3.39348402389
18.2941,3.3934824284
18.3362,3.393480669
18.3785,3.39347874808
18.4209,3.39347669348
18.4633,3.39347452913
18.5059,3.39347230638
18.5485,3.39347006302
18.5913,3.39346779842
18.6342,3.39346555964
18.6771,3.39346334709
18.7202,3.39346117746
18.7633,3.39345904172
18.8066,3.39345695972
18.8499,3.39345495491
18.8934,3.39345302397
18.9369,3.39345117998
18.9806,3.39344942908
19.0244,3.39344772117
19.0682,3.3934460822
19.1122,3.39344446771
19.1562,3.39344280558
19.2004,3.39344111322
19.2446,3.39343940814
19.289,3.39343774831
19.3335,3.39343623108
19.378,3.39343486267
19.4227,3.39343364658
19.4675,3.39343254145
19.5124,3.39343149999
19.5573,3.39343048439
19.6024,3.39342943272
19.6476,3.39342831712
19.6929,3.3934271551
19.7383,3.39342591929
19.7838,3.39342462417
19.8294,3.39342330953
19.8751,3.39342200331
19.9209,3.3934206906
19.9669,3.39341944028
20.0129,3.39341825856
20.059,3.39341714745
20.1053,3.39341612022
20.1516,3.39341517588
20.1981,3.39341428468
20.2446,3.39341346255
20.2913,3.3934126493
20.3381,3.3934118413
20.385,3.39341103084
20.432,3.39341022474
20.4791,3.39340938603
20.5263,3.39340853489
20.5736,3.3934076684
20.621,3.39340675876
20.6685,3.39340581159
20.7162,3.39340480566
20.7639,3.39340371559
20.8118,3.39340250548
20.8598,3.39340117648
20.9079,3.39339968374
20.9561,3.3933980235
21.0044,3.39339619298
21.0528,3.39339421278
21.1013,3.39339208335
21.15,3.39338987674
21.1987,3.39338756673
21.2476,3.39338524809
21.2966,3.39338290476
21.3457,3.39338061725
21.3949,3.39337834518
21.4442,3.39337611893
21.4936,3.39337394996
21.5432,3.3933718538
21.5928,3.39336982009
21.6426,3.39336781867
21.6925,3.3933658572
21.7425,3.39336394641
21.7926,3.3933620644
21.8429,3.39336020919
21.8932,3.39335835669
21.9437,3.39335654948
21.9943,3.39335474871
22.045,3.39335297225
22.0958,3.39335119409
22.1467,3.39334940916
22.1978,3.39334763221
22.249,3.39334586795
22.3003,3.39334407154
22.3517,3.39334227826
22.4032,3.39334047551
22.4548,3.39333865047
22.5066,3.39333680837
22.5585,3.39333495515
22.6105,3.39333308182
22.6626,3.39333117544
22.7149,3.39332925448
22.7672,3.39332733917
22.8197,3.39332541842
22.8723,3.3933234762
22.925,3.39332154831
22.9779,3.3933195808
23.0308,3.39331765507
23.0839,3.39331571362
23.1372,3.39331376008
23.1905,3.39331179935
23.2439,3.39330987225
23.2975,3.39330796442
23.3512,3.39330602344
23.4051,3.39330411001
23.459,3.39330220597
23.5131,3.39330030702
23.5673,3.39329840322
23.6216,3.39329650154
23.6761,3.39329461762
23.7307,3.39329273639
23.7854,3.39329086612
23.8402,3.39328904224
23.8952,3.39328720887
23.9502,3.39328536743
24.0055,3.39328353397
24.0608,3.39328175366
24.1163,3.39327996599
24.1718,3.39327819806
24.2276,3.39327645249
24.2834,3.39327470334
24.3394,3.39327298591
24.3955,3.3932712519
24.4517,3.39326955807
24.5081,3.39326784711
24.5646,3.39326616887
24.6212,3.39326449047
24.678,3.39326281505
24.7349,3.39326116506
24.7919,3.39325950817
24.8491,3.39325786415
24.9063,3.39325620574
24.9638,3.39325457572
25.0213,3.39325293487
25.079,3.39325132389
25.1368,3.39324968021
25.1947,3.39324806956
25.2528,3.39324645569
25.311,3.39324483882
25.3694,3.39324319768
25.4279,3.39324159469
25.4865,3.39323995444
25.5452,3.39323826904
25.6041,3.39323659276
25.6631,3.39323491766
25.7223,3.39323324866
25.7816,3.39323158975
25.841,3.39323000023
25.9006,3.39322850834
25.9603,3.39322717195
26.0202,3.39322600204
26.0801,3.39322509248
26.1403,3.39322441669
26.2005,3.39322389709
26.2609,3.39322348954
26.3215,3.39322318136
26.3821,3.39322283296
26.4429,3.3932224471
26.5039,3.39322200871
26.565,3.39322145452
26.6262,3.39322079235
26.6876,3.39322007857
26.7491,3.39321925611
26.8108,3.39321844413
26.8726,3.39321750585
26.9346,3.39321662799
26.9967,3.39321566384
27.0589,3.39321473937
27.1213,3.39321378957
27.1838,3.39321283376
27.2464,3.39321182586
27.3093,3.39321087384
27.3722,3.39320990052
27.4353,3.39320890532
27.4986,3.39320793445
27.5619,3.39320695602
27.6255,3.39320596175
27.6892,3.3932049725
27.753,3.39320400868
27.817,3.39320304211
27.8811,3.39320209392
27.9454,3.39320112367
28.0098,3.39320015405
28.0744,3.39319919674
28.1391,3.39319822513
28.2039,3.39319727337
28.269,3.39319633219
28.3341,3.39319539354
28.3994,3.39319445005
28.4649,3.39319350889
28.5305,3.39319257945
28.5963,3.39319163463
28.6622,3.39319071059
28.7283,3.3931898094
28.7945,3.3931888651
28.8609,3.39318795408
28.9274,3.39318705488
28.9941,3.39318614729
29.061,3.39318520683
29.1279,3.39318432761
29.1951,3.39318344244
29.2624,3.39318254114
29.3299,3.39318162866
29.3975,3.39318073735
29.4652,3.39317983613
29.5332,3.39317901128
29.6012,3.39317807974
29.6695,3.39317724515
29.7379,3.39317637576
29.8064,3.39317555768
29.8751,3.39317467647
29.944,3.39317387639
30.013,3.39317306501
30.0822,3.39317225852
30.1516,3.39317141881
30.2211,3.39317064648
30.2907,3.39316983722
30.3606,3.39316903423
30.4306,3.39316819528
30.5007,3.39316739078
30.571,3.39316656667
30.6415,3.3931657268
30.7121,3.39316486504
30.7829,3.39316409521
30.8539,3.39316321815
30.925,3.3931624413
30.9963,3.39316157701
31.0678,3.39316082475
31.1394,3.39316001098
31.2112,3.39315918686
31.2831,3.39315842661
31.3552,3.39315770598
31.4275,3.39315695929
31.5,3.39315631988
31.5726,3.39315571039
31.6453,3.39315516266
31.7183,3.3931546206
31.7914,3.39315414911
31.8647,3.393153716
31.9382,3.39315320983
32.0118,3.39315272016
32.0856,3.39315227764
32.1595,3.3931517541
32.2337,3.39315119246
32.308,3.39315058687
32.3825,3.39314989372
32.4571,3.39314927129
32.5319,3.39314859916
32.6069,3.39314796125
32.6821,3.39314721401
32.7574,3.39314662206
32.8329,3.39314592778
32.9086,3.39314520368
32.9845,3.39314456223
33.0605,3.39314389019
33.1367,3.39314322045
33.2131,3.39314260741
33.2897,3.39314197407
33.3664,3.39314131173
33.4434,3.39314065193
33.5205,3.39314005042
33.5977,3.39313942959
33.6752,3.39313881499
33.7528,3.39313819582
33.8306,3.39313748696
33.9086,3.393136875
33.9868,3.39313635659
34.0651,3.39313566485
34.1436,3.39313507909
34.2224,3.39313446496
34.3012,3.39313388737
34.3803,3.39313323146
34.4596,3.39313272116
34.539,3.39313214345
34.6186,3.39313157179
34.6984,3.3931309239
34.7784,3.3931303341
34.8586,3.39312981587
34.939,3.39312924556
35.0195,3.39312868673
35.1002,3.39312806273
35.1811,3.39312756179
35.2622,3.39312693184
35.3435,3.39312642214
35.425,3.39312575595
35.5067,3.39312525524
35.5885,3.39312473364
35.6706,3.39312409233
35.7528,3.39312364954
35.8352,3.39312312927
35.9178,3.39312260776
36.0006,3.39312196527
36.0836,3.39312149216
36.1668,3.39312094895
36.2502,3.39312049296
36.3337,3.39311992338
36.4175,3.39311935913
36.5014,3.39311881489
36.5856,3.39311835052
36.6699,3.39311781353
36.7544,3.39311721553
36.8392,3.39311675963
36.9241,3.39311620811
37.0092,3.39311569832
37.0945,3.39311516274
37.18,3.39311473836
37.2658,3.39311414162
37.3517,3.39311363729
37.4378,3.39311314204
37.5241,3.39311265026
37.6106,3.39311215755
37.6973,3.39311163401
37.7842,3.39311119978
37.8713,3.39311069681
37.9586,3.39311015313
38.0461,3.39310976826
38.1338,3.39310920595
38.2217,3.39310874952
38.3098,3.39310836605
38.3981,3.39310787077
38.4866,3.39310742333
38.5754,3.39310690381
38.6643,3.39310641379
38.7534,3.39310605979
38.8427,3.39310565667
38.9323,3.39310510215
39.022,3.39310473243
39.112,3.39310432003
39.2021,3.39310377266
39.2925,3.39310337165
39.3831,3.39310285722
39.4739,3.39310247935
39.5649,3.39310200086
39.6561,3.39310149801
39.7475,3.39310106618
39.8391,3.39310057485
39.931,3.39310024241
40.023,3.3930996552
40.1153,3.39309926181
40.2078,3.39309885615
40.3004,3.39309831664
40.3934,3.39309808807
40.4865,3.39309766973
40.5798,3.39309723136
40.6733,3.39309671768
40.7671,3.39309641778
40.8611,3.39309595423
40.9553,3.39309553516
41.0497,3.39309514693
41.1443,3.39309473055
41.2392,3.39309428388
41.3342,3.39309396039
41.4295,3.3930935807
41.525,3.39309307587
41.6207,3.39309259756
41.7167,3.39309208775
41.8129,3.39309179712
41.9092,3.39309135906
42.0059,3.39309095358
42.1027,3.39309050337
42.1998,3.3930900928
42.297,3.39308966263
42.3945,3.39308922812
42.4923,3.39308882548
42.5902,3.39308853689
42.6884,3.39308815045
42.7868,3.39308766903
42.8854,3.39308734486
42.9843,3.3930869285
43.0834,3.39308644237
43.1827,3.39308613831
43.2823,3.39308573658
43.382,3.39308540852
43.482,3.39308498313
43.5823,3.39308463989
43.6827,3.39308430372
43.7834,3.39308378548
43.8844,3.39308355219
43.9855,3.39308317665
44.0869,3.39308291811
44.1886,3.39308233397
44.2904,3.39308215226
44.3925,3.39308184018
44.4949,3.39308136917
44.5974,3.39308095766
44.7002,3.39308057434
44.8033,3.39308027982
44.9066,3.39307995011
45.0101,3.39307962648
45.1138,3.39307941173
45.2178,3.39307895705
45.3221,3.39307863323
45.4266,3.39307823623
45.5313,3.39307790726
45.6362,3.39307755304
45.7414,3.39307734095
45.8469,3.39307708055
45.9526,3.393076659
46.0585,3.39307624572
46.1647,3.39307604251
46.2711,3.39307557066
46.3778,3.39307523873
46.4847,3.39307499606
46.5918,3.39307466727
46.6992,3.39307437083
46.8069,3.39307402112
46.9148,3.39307368128
47.023,3.39307342073
47.1313,3.39307298939
47.24,3.3930728281
47.3489,3.39307234346
47.458,3.39307213638
47.5675,3.39307175931
47.6771,3.39307135896
47.787,3.39307121103
47.8972,3.39307072362
48.0076,3.39307051025
48.1183,3.39307006295
48.2292,3.39306984186
48.3404,3.39306946352
48.4518,3.39306917034
48.5635,3.39306875078
48.6754,3.39306861928
48.7876,3.3930682692
48.9001,3.39306801791
49.0128,3.39306774557
49.1258,3.39306745751
49.2391,3.39306694749
49.3526,3.39306686517
49.4664,3.3930664514
49.5804,3.39306625808
49.6947,3.39306583823
49.8092,3.39306559056
49.9241,3.39306527575
50.0391,3.39306513146
50.1545,3.39306475593
50.2701,3.3930644622
50.386,3.39306407184
50.5022,3.39306405246
50.6186,3.3930637828
50.7353,3.39306353698
50.8522,3.39306320675
50.9694,3.39306302632
51.0869,3.3930625728
51.2047,3.39306258617
51.3227,3.39306243137
51.4411,3.39306208896
51.5596,3.39306182134
51.6785,3.39306164148
51.7976,3.39306118219
51.917,3.39306108482
52.0367,3.39306090253
52.1567,3.3930605125
52.2769,3.39306042044
52.3974,3.39306033751
52.5182,3.3930599715
52.6393,3.39305978261
52.7606,3.39305961282
52.8822,3.39305941606
53.0042,3.39305919621
53.1263,3.39305889705
53.2488,3.3930588093
53.3716,3.39305853647
53.4946,3.39305827783
53.6179,3.3930580647
53.7415,3.39305805204
53.8654,3.39305761175
53.9896,3.39305738573
54.114,3.39305711475
54.2388,3.39305700698
54.3638,3.39305667307
54.4891,3.39305661106
54.6147,3.39305668065
54.7406,3.39305625263
54.8668,3.39305638072
54.9933,3.39305585039
55.1201,3.3930556983
55.2471,3.39305560464
55.3745,3.39305561163
55.5022,3.39305536859
55.6301,3.39305514348
55.7583,3.39305497268
55.8869,3.3930549269
56.0157,3.39305453469
56.1448,3.39305455337
56.2743,3.39305444847
56.404,3.39305421787
56.534,3.39305401868
56.6643,3.39305375467
56.795,3.39305369568
56.9259,3.39305372958
57.0571,3.39305348823
57.1887,3.39305335215
57.3205,3.39305303576
57.4526,3.39305271496
57.5851,3.39305286617
57.7178,3.39305260422
57.8509,3.39305269431
57.9842,3.39305237423
58.1179,3.39305225416
58.2519,3.39305223732
58.3862,3.39305220646
58.5207,3.39305205974
58.6557,3.39305186842
58.7909,3.3930515952
58.9264,3.39305128533
59.0622,3.39305137103
59.1984,3.39305135187
59.3349,3.39305144892
59.4716,3.39305098142
59.6087,3.39305108065
59.7461,3.39305067274
59.8839,3.39305041784
60.0219,3.39305060674
60.1603,3.39305054787
60.299,3.39305048351
60.438,3.39305026571
60.5773,3.39305030962
60.7169,3.39305019578
60.8569,3.39304998751
60.9972,3.39304986155
61.1378,3.39304997758
61.2787,3.39304965636
61.42,3.39304970401
61.5616,3.39304969308
61.7035,3.3930494685
61.8458,3.39304941652
61.9883,3.39304883763
62.1312,3.39304921725
62.2744,3.39304904281
62.418,3.39304892929
62.5619,3.39304890961
62.7061,3.39304872353
62.8507,3.39304892712
62.9956,3.39304884976
63.1408,3.39304878558
63.2863,3.39304861558
63.4322,3.39304862895
63.5784,3.39304911686
63.725,3.39304898977
63.8719,3.393048946
64.0191,3.39304884814
64.1667,3.3930491374
64.3146,3.39304910054
64.4629,3.39304931751
64.6115,3.39304883906
64.7605,3.39304929854
64.9097,3.3930494327
65.0594,3.39304934507
65.2094,3.39304975956
65.3597,3.39304979389
65.5103,3.3930499927
65.6614,3.39304977738
65.8127,3.3930500297
65.9644,3.39305030446
66.1165,3.3930498358
66.2689,3.39304988737
66.4217,3.39305004107
66.5748,3.39304992046
66.7283,3.39304984204
66.8821,3.39304972035
67.0363,3.39305001829
67.1908,3.39304944721
67.3457,3.39304945498
67.5009,3.39304976743
67.6566,3.39304935523
67.8125,3.39304940872
67.9688,3.3930491336
68.1255,3.39304880491
68.2826,3.39304868359
68.44,3.39304809091
68.5978,3.39304853667
68.7559,3.39304831565
68.9144,3.39304790415
69.0732,3.39304773038
69.2325,3.39304762172
69.3921,3.39304708946
69.552,3.39304722489
69.7124,3.39304683502
69.8731,3.39304683948
70.0342,3.39304674477
70.1956,3.39304664187
70.3574,3.39304622603
70.5196,3.39304615362
70.6822,3.39304562946
70.8451,3.39304609164
71.0084,3.39304585768
71.1721,3.39304546596
71.3362,3.39304525779
71.5006,3.39304538845
71.6655,3.39304540139
71.8307,3.39304493385
71.9963,3.39304469336
72.1622,3.3930443104
72.3286,3.39304459599
72.4953,3.39304448663
72.6624,3.39304403165
72.8299,3.3930445685
72.9978,3.39304374127
73.1661,3.39304361734
73.3348,3.39304364313
73.5038,3.39304317364
73.6733,3.39304326652
73.8431,3.39304310203
74.0133,3.39304264935
74.1839,3.39304281363
74.3549,3.39304223091
74.5264,3.39304231695
74.6982,3.39304182786
74.8704,3.39304182595
75.0429,3.39304165795
75.2159,3.39304112276
75.3893,3.39304140048
75.5631,3.39304097208
75.7373,3.39304043707
75.9119,3.39304101418
76.0869,3.39304073146
76.2623,3.39304073452
76.4381,3.39304044824
76.6143,3.39303955518
76.7909,3.39304006205
76.9679,3.39304013852
77.1454,3.39303968997
77.3232,3.39303918497
77.5015,3.39303994045
77.6801,3.3930394115
77.8592,3.39303919597
78.0387,3.39303852444
78.2186,3.39303852808
78.3989,3.39303852206
78.5796,3.39303856473
78.7608,3.39303874116
78.9423,3.39303782622
79.1243,3.39303867179
79.3067,3.39303747873
79.4895,3.39303741987
79.6728,3.39303775337
79.8564,3.39303760692
80.0405,3.39303775466
80.225,3.3930384467
80.41,3.39303801307
80.5953,3.39303761644
80.7811,3.39303788972
80.9673,3.39303724674
81.154,3.39303691855
81.3411,3.39303739218
81.5286,3.39303778629
81.7165,3.39303701336
81.9049,3.39303799103
82.0937,3.39303817798
82.283,3.39303754162
82.4726,3.39303696354
82.6628,3.39303658045
82.8533,3.3930374413
83.0443,3.39303698727
83.2357,3.39303658487
83.4276,3.3930363952
83.6199,3.39303687917
83.8127,3.39303707433
84.0059,3.39303745384
84.1996,3.39303730504
84.3937,3.39303692849
84.5882,3.39303730069
84.7832,3.39303620608
84.9787,3.39303729097
85.1746,3.393036217
85.3709,3.39303720894
85.5677,3.39303669559
85.765,3.39303638503
85.9627,3.39303736212
86.1608,3.39303581227
86.3595,3.39303596787
86.5585,3.39303725531
86.7581,3.39303603476
86.9581,3.39303599285
87.1585,3.39303600835
87.3594,3.39303558343
87.5608,3.3930367947
87.7627,3.39303518208
87.965,3.39303565856
88.1678,3.39303519137
88.371,3.39303591838
88.5747,3.39303581145
88.7789,3.39303583045
88.9836,3.39303537377
89.1887,3.39303560943
89.3943,3.39303507528
89.6004,3.39303486668
89.8069,3.39303530219
90.014,3.39303492374
90.2215,3.39303438377
90.4294,3.39303543252
90.6379,3.3930346684
90.8469,3.39303398074
91.0563,3.39303469291
91.2662,3.39303374916
91.4766,3.39303487188
91.6874,3.39303354298
91.8988,3.39303315552
92.1107,3.39303422066
92.323,3.3930346965
92.5358,3.39303391918
92.7491,3.39303420364
92.9629,3.39303442112
93.1772,3.39303279119
93.392,3.39303365903
93.6073,3.39303348482
93.8231,3.39303287951
94.0394,3.39303426299
94.2562,3.39303307611
94.4735,3.39303176265
94.6913,3.39303260501
94.9095,3.39303180139
95.1283,3.39303227453
95.3476,3.3930333715
95.5674,3.39303359402
95.7877,3.39303201267
96.0085,3.39303225382
96.2299,3.39303211092
96.4517,3.39303155831
96.674,3.39303130526
96.8969,3.39303209893
97.1203,3.39303244955
97.3442,3.39303142046
97.5686,3.39303190178
97.7935,3.39303134143
98.0189,3.39303215902
98.2449,3.39303096279
98.4713,3.3930326557
98.6983,3.39303198584
98.9259,3.39303139935
99.1539,3.3930310758
99.3825,3.39302990396
99.6116,3.39303143273
99.8412,3.39303084796
100.071,3.39302976032
100.302,3.39303154199
100.533,3.3930318293
100.765,3.39303221086
100.997,3.3930308373
101.23,3.39303165065
101.464,3.39303176213
101.697,3.39303004438
101.932,3.39303056216
102.167,3.39303061761
102.402,3.39303012005
102.638,3.3930298442
102.875,3.39302943819
103.112,3.39303220352
103.35,3.39303043384
103.588,3.3930286743
103.827,3.39303065055
104.066,3.39303036416
104.306,3.39302912024
104.547,3.39302985753
104.788,3.39302837913
105.029,3.39303155295
105.271,3.39303001069
105.514,3.3930311576
105.757,3.39303004299
106.001,3.39302842706
106.245,3.39302777545
106.49,3.39302985591
106.736,3.39303150122
106.982,3.39302744286
107.228,3.39302783776
107.476,3.39303005653
107.723,3.39302955281
107.972,3.39302967001
108.221,3.39302936842
108.47,3.39303033054
108.72,3.39302804234
108.971,3.39302845555
109.222,3.39302781963
109.474,3.39302805734
109.726,3.39302881207
109.979,3.39302848241
110.233,3.39302820928
110.487,3.39302837771
110.741,3.39303002081
110.997,3.39302897752
111.253,3.39302943745
111.509,3.39302893391
111.766,3.39302885195
112.024,3.39302700695
112.282,3.39302967425
112.541,3.39302801635
112.8,3.39303002273
113.06,3.39302660722
113.321,3.39303017623
113.582,3.3930270187
113.844,3.39302812155
114.106,3.39302857291
114.369,3.39302811808
114.633,3.39302717768
114.897,3.39302803762
115.162,3.39302728433
115.428,3.39302686066
115.694,3.39302862186
115.96,3.3930272687
116.228,3.39302645307
116.496,3.39302577238
116.764,3.39302893845
117.033,3.3930254773
117.303,3.39302633821
117.574,3.39302551911
117.845,3.39302833803
118.116,3.3930264059
118.389,3.39302889609
118.662,3.3930288991
118.935,3.39302731766
119.209,3.39302579783
119.484,3.39302778968
119.759,3.39302822292
120.036,3.39302664618
120.312,3.3930266149
120.59,3.39302576258
120.868,3.39302516264
121.146,3.39302705699
121.425,3.39302661676
121.705,3.39302541528
121.986,3.39302796434
122.267,3.3930257616
122.549,3.39302531137
122.832,3.39302861231
123.115,3.39302653765
123.398,3.39302930071
123.683,3.39302590262
123.968,3.39302514094
124.254,3.39302798008
124.54,3.39302459454
124.827,3.39302455154
125.115,3.39302459832
125.404,3.39302870939
125.693,3.39302632396
125.982,3.39302880077
126.273,3.39302729715
126.564,3.39302564428
126.856,3.39302737257
127.148,3.39302607407
127.441,3.39302997902
127.735,3.39302777782
128.029,3.39302512338
128.325,3.39302804818
128.62,3.39302628339
128.917,3.39302661043
129.214,3.39302624707
129.512,3.39302656754
129.811,3.39302592541
130.11,3.39302411308
130.41,3.39302485727
130.71,3.39302637988
131.012,3.3930260158
131.314,3.39302715991
131.616,3.39302573364
131.92,3.39302371404
132.224,3.39302566165
132.529,3.39302534456
132.834,3.3930259677
133.14,3.39302391206
133.447,3.39302903577
133.755,3.39302621263
134.063,3.39302875857
134.372,3.3930224408
134.682,3.39302221824
134.993,3.39302532436
135.304,3.39302956756
135.616,3.3930262155
135.928,3.39302662915
136.242,3.39302537743
136.556,3.39302589642
136.871,3.39302569227
137.186,3.39302296249
137.502,3.39302492019
137.819,3.39302704943
138.137,3.3930258391
138.455,3.39302445606
138.775,3.39302494327
139.094,3.39302524906
139.415,3.39302653921
139.737,3.39302330882
140.059,3.39302441542
140.382,3.39302568667
140.705,3.39302343163
141.029,3.39302891631
141.355,3.39302800927
141.68,3.39302368688
142.007,3.39302843613
142.334,3.39302699917
142.663,3.39302362977
142.991,3.39302454085
143.321,3.39302593412
143.651,3.3930239126
143.983,3.39302127712
144.314,3.39302769727
144.647,3.39302578923
144.981,3.39301932729
145.315,3.39302289737
145.65,3.39302380082
145.986,3.39302637159
146.322,3.39302794451
146.659,3.39302508457
146.997,3.39302317569
147.336,3.39302906442
147.676,3.3930270469
148.016,3.39302268694
148.358,3.39302487664
148.7,3.39302482158
149.042,3.39302458538
149.386,3.39302332738
149.73,3.39302555172
150.076,3.39302030827
150.421,3.39302714937
150.768,3.39302423875
151.116,3.39302221406
151.464,3.39302930897
151.813,3.39302503025
152.163,3.39302113819
152.514,3.39302628284
152.866,3.39302333799
153.218,3.39302927543
153.571,3.39302780347
153.925,3.39303043624
154.28,3.39302439951
154.636,3.39302149236
154.992,3.39302653445
155.35,3.3930233066
155.708,3.39302311708
156.067,3.39302485619
156.426,3.39302277519
156.787,3.39302709152
157.148,3.39302247208
157.511,3.39302420145
157.874,3.39301985105
158.238,3.39301897603
158.602,3.39302215333
158.968,3.39302650393
159.335,3.39302514179
159.702,3.39302523612
160.07,3.39301997585
160.439,3.39302444641
160.809,3.39302615836
161.18,3.39302243127
161.551,3.39302105973
161.923,3.39303206957
162.297,3.3930239369
162.671,3.39302404067
163.046,3.39301985249
163.422,3.39301698818
163.798,3.39302456803
164.176,3.39303100474
164.555,3.39302607905
164.934,3.39302575689
165.314,3.39302169594
165.695,3.39301966457
166.077,3.39302744131
166.46,3.39302440727
166.844,3.39302668821
167.228,3.39301973208
167.614,3.3930201491
168,3.39302644547
168.388,3.39302226654
168.776,3.39302376365
169.165,3.39302315556
169.555,3.39302324535
169.946,3.39302439079
170.337,3.39302302405
170.73,3.39302191108
171.124,3.39302772118
171.518,3.39301977031
171.913,3.39303261299
172.31,3.39302493682
172.707,3.39302200768
173.105,3.39301622625
173.504,3.39302529952
173.904,3.39302720736
174.305,3.39301760089
174.707,3.39302554736
175.11,3.39302840869
175.513,3.39302481276
175.918,3.39301514921
176.323,3.39302666164
176.73,3.39301980177
177.137,3.39301539372
177.546,3.393027103
177.955,3.39302109894
178.365,3.3930203294
178.776,3.39301941911
179.188,3.39302381298
179.601,3.39301533286
180.015,3.39302549962
180.43,3.39302723871
180.846,3.39302750851
181.263,3.39302646005
181.681,3.39301763832
182.1,3.39302246605
182.52,3.39302586323
182.941,3.39302495712
183.362,3.39303216674
183.785,3.39302261351
184.209,3.39301675686
184.633,3.39302363093
185.059,3.39302362739
185.485,3.39302023654
185.913,3.39301983509
186.342,3.39302605785
186.771,3.39302633721
187.202,3.39302101984
187.633,3.393023867
188.066,3.39301930749
188.499,3.39302604299
188.934,3.39303164465
189.369,3.3930306921
189.806,3.39302493791
190.244,3.39303303346
190.682,3.39302207904
191.122,3.39301754042
191.562,3.39302084603
192.004,3.39302025364
192.446,3.39302814954
192.89,3.39302389831
193.335,3.39302802689
193.78,3.39302281239
194.227,3.39303481763
194.675,3.39302617497
195.124,3.39302590938
195.573,3.39301949927
196.024,3.39301755871
196.476,3.39302240484
196.929,3.39302155489
197.383,3.39302110776
197.838,3.39303299874
198.294,3.39302184862
198.751,3.3930253577
199.209,3.39302563263
199.669,3.39301494739
200.129,3.39302433742
200.59,3.39301996659
201.053,3.3930177832
201.516,3.39302471366
201.981,3.39302347406
202.446,3.39302661399
202.913,3.39302510859
203.381,3.39301319766
203.85,3.39301586363
204.32,3.39302963014
204.791,3.39302151488
205.263,3.39301751117
205.736,3.39302851255
206.21,3.39302440991
206.685,3.3930135533
207.162,3.3930185984
207.639,3.39302008291
208.118,3.39301258188
208.598,3.39301751321
209.079,3.39302578283
209.561,3.39302953963
210.044,3.3930235083
210.528,3.39302455927
211.013,3.39302004858
211.5,3.39301440438
211.987,3.39303148111
212.476,3.39302236129
212.966,3.39302903322
213.457,3.3930253413
213.949,3.39301680166
214.442,3.39301715247
214.936,3.39303548549
215.432,3.39302041164
215.928,3.39301281626
216.426,3.39302360957
216.925,3.39302318314
217.425,3.39302513247
217.926,3.39301216082
218.429,3.39302946832
218.932,3.39303525285
219.437,3.39303839571
219.943,3.39301443846
220.45,3.39302810604
220.958,3.39301533369
221.467,3.39302238038
221.978,3.39302530515
222.49,3.39301674087
223.003,3.39302490161
223.517,3.39302228511
224.032,3.39303237946
224.548,3.39302385178
225.066,3.39302299828
225.585,3.39302548391
226.105,3.39300701366
226.626,3.39302736368
227.149,3.3930323681
227.672,3.39301765554
228.197,3.39302559139
228.723,3.39303666121
229.25,3.39300651372
229.779,3.39302571869
230.308,3.39301793021
230.839,3.39301530728
231.372,3.39302945446
231.905,3.39301303403
232.439,3.39302333702
232.975,3.39304013713
233.512,3.39303781588
234.051,3.39300435388
234.59,3.39301503424
235.131,3.39302371835
235.673,3.39301882915
236.216,3.3930198255
236.761,3.3930029997
237.307,3.39302362493
237.854,3.39302068186
238.402,3.39302930767
238.952,3.39303404896
239.502,3.39303659869
240.055,3.39304619776
240.608,3.39302953663
241.163,3.39302209033
241.718,3.393041725
242.276,3.39301542224
242.834,3.39302713912
243.394,3.39300947678
243.955,3.39302906997
244.517,3.39302877868
245.081,3.39302356934
245.646,3.39300722421
246.212,3.39301573405
246.78,3.39303186194
247.349,3.39301308186
247.919,3.39301246427
248.491,3.39300677604
249.063,3.39300291017
249.638,3.39304341433
250.213,3.39302359013
250.79,3.39300698811
251.368,3.39299704982
251.947,3.39303513067
252.528,3.3930238027
253.11,3.39301953811
253.694,3.39304206076
254.279,3.39299699583
254.865,3.39302274288
255.452,3.3930323703
256.041,3.39299755138
256.631,3.39301659293
257.223,3.39303384923
257.816,3.39300564806
258.41,3.393007576
259.006,3.39304510524
259.603,3.39302488618
260.202,3.3930140559
260.801,3.39300777375
261.403,3.39302527701
262.005,3.3930258946
262.609,3.3930230191
263.215,3.39301074042
263.821,3.39304267629
264.429,3.39301843878
265.039,3.39303885763
265.65,3.39303695544
266.262,3.39303386816
266.876,3.39303586166
267.491,3.39304259314
268.108,3.39304884378
268.726,3.39302941062
269.346,3.39301340834
269.967,3.39301852652
270.589,3.39303705629
271.213,3.39303697576
271.838,3.39303946648
272.464,3.3930204882
273.093,3.39304738024
273.722,3.39302759994
274.353,3.39301903671
274.986,3.39303500156
275.619,3.39305212579
276.255,3.39303194968
276.892,3.39300729192
277.53,3.39300269884
278.17,3.39303589186
278.811,3.39302757505
279.454,3.3930181321
280.098,3.39304151451
280.744,3.39302562787
281.391,3.39305653453
282.039,3.39300672816
282.69,3.39301909648
283.341,3.39301876359
283.994,3.39303092238
284.649,3.39301643107
285.305,3.3930171089
285.963,3.39303296282
286.622,3.39302261258
287.283,3.39300411321
287.945,3.39305525117
288.609,3.39303836049
289.274,3.39302116773
289.941,3.39301292722
290.61,3.39301506546
291.279,3.39302031132
291.951,3.39301451396
292.624,3.39305503998
293.299,3.39301679506
293.975,3.39301448522
294.652,3.3930296628
295.332,3.39302858623
296.012,3.39303871644
296.695,3.39300443843
297.379,3.39302273207
298.064,3.39303804263
298.751,3.39301683664
299.44,3.39303301382
300.13,3.39304080823
300.822,3.39297983292
301.516,3.39300958385
302.211,3.39301216241
302.907,3.39300314546
303.606,3.39298336598
304.306,3.39300965744
305.007,3.39300585081
305.71,3.39298852983
306.415,3.39304003908
307.121,3.39305290225
307.829,3.39298314177
308.539,3.39302361981
309.25,3.39307607509
309.963,3.39298402927